press_release_id,release_date,company_name
197778515008a827,2025-06-16,Finnair
197778548411399b,2025-06-16,Finnair
19777861df222e6c,2025-06-16,Vitec Software Group
197778881ea0dd76,2025-06-16,Enity Bank Group
197778886af37af7,2025-06-16,Enity Holding AB
1977788a9206cd44,2025-06-16,Google
1977788be03964fa,2025-06-16,Enity Bank Group
1977a16a5b237ef1,2025-06-16,Maersk
1977a1746adf0ec4,2025-06-16,Maersk
1977a17fe82159cb,2025-06-16,AAK
1977a36fcefc8590,2025-06-16,ABB
1977a37df42a1723,2025-06-16,AddLife
1977a3901a3d73e8,2025-06-16,Addnode Group
1977a39bdc286ed9,2025-06-16,Addtech
1977a39ee890fcb1,2025-06-16,Addtech
1977a3a9ebf8025e,2025-06-16,AFRY
1977a3c3f052ac56,2025-06-16,Alfa Laval
1977a3c73a909b4a,2025-06-16,Alfa Laval
1977a3c7d154c2dc,2025-06-16,AFRY
1977a3dea7a58c94,2025-06-16,ALK
1977ac1081995e3d,2025-06-16,ALK
197bf9d0c66b5237,2025-06-16,Google
1977c74b79972c4d,2025-06-17,Alvotech
1977c75715b3c483,2025-06-17,Ritzau
1977c76cff49caf6,2025-06-17,Arion Bank
1977c78c171d29f1,2025-06-17,Asker Healthcare Group AB
1977c78ff47cceed,2025-06-17,Asker Healthcare Group AB
1977c79c7802a1eb,2025-06-17,Asmodee Group AB
1977c7b4745b458a,2025-06-17,ASSA ABLOY
1977c7ca7a1c52ea,2025-06-17,ASSA ABLOY
1977c7caa785af47,2025-06-17,Alleima
1977c7d5435a2aaf,2025-06-17,Alleima
1977cf4e96e1b0e6,2025-06-17,Atlas Copco
1977cf52468244f4,2025-06-17,Atlas Copco
1977cf5cef2f6fa8,2025-06-17,Atrium Ljungberg AB
1977cf60a0564e4b,2025-06-17,Atrium Ljungberg AB
1977cf7e057be072,2025-06-17,Autoliv
1977cf8dbc46cac8,2025-06-17,Avanza Bank Holding AB
1977cf906716c50a,2025-06-17,Autoliv
1977cfa646e600e3,2025-06-17,Axfood
1977cfa9d957e753,2025-06-17,Axfood
1977dc3719601308,2025-06-17,Finnair
1977ddad9ceedeaf,2025-06-17,Globenewswire
1977de0273cf79ad,2025-06-17,Betsson AB alerting service
1977de04ffd13288,2025-06-17,Betsson AB alerting service
1977e50f4c7a278c,2025-06-17,Google
1977fd15b6e18be5,2025-06-17,ALK
1977fe391c850621,2025-06-17,Alvotech
197817fe717e323b,2025-06-18,Axfood
19781bb569859cf6,2025-06-18,Atlas Copco
19781cccbaa0b90b,2025-06-18,HEMKÖPSKEDJAN
19781dc298a97bf0,2025-06-18,Bavarian Nordic A/S
1978219b50bec6fb,2025-06-18,Atrium Ljungberg AB
19782b2aedc4393e,2025-06-18,Finnair
19782e50dd72e5dc,2025-06-18,Better Collective
19782e5adb293b67,2025-06-18,Bilia
19782e9c468dab98,2025-06-18,Autoliv
19782f2f7f13cf75,2025-06-18,Billerud AB
19782f3e463df0a2,2025-06-18,BioArctic
19782f41ff47757d,2025-06-18,Billerud AB
19782f45d4b233e8,2025-06-18,BioArctic
19782f4d59d6d887,2025-06-18,Biotage
19782f659b4bc20e,2025-06-18,Boliden AB alerting service
19782f696a2c45bf,2025-06-18,Boliden AB alerting service
19782f9d8850b36e,2025-06-18,Bravida Holding AB
19782faa7d3039ad,2025-06-18,Bure Equity AB
19782fac2f019932,2025-06-18,Bravida Holding AB
19784cbf7aee14f6,2025-06-18,Camurus AB
19784cd14e7ee872,2025-06-18,Ritzau
19784cd5b51f2943,2025-06-18,Camurus AB
19784ce72466bbd8,2025-06-18,Castellum
19784cf32e082e3a,2025-06-18,Catena
19784cff54f57853,2025-06-18,Chemometec A/S
19784d0113734686,2025-06-18,Catena
19784d0769cf72a8,2025-06-18,Chemometec A/S
19784d1055d423e3,2025-06-18,Chemometec A/S
19784d34dc88e9a9,2025-06-18,Corem Property Group
19784d387a5d6a78,2025-06-18,Corem Property Group
19784d388e665064,2025-06-18,Corem Property Group
19784f3ec4d8d0e3,2025-06-18,ALK
1978508b191fc21a,2025-06-18,Alvotech
19786c60b6150978,2025-06-19,Vitec Software Group
197886b00fa39419,2025-06-19,NORDEN
197886b32dcff9ff,2025-06-19,NORDEN
197886c7f85a3745,2025-06-19,Danske Bank Subscription Service
197886ff59f9889e,2025-06-19,Globenewswire
19788721211a651b,2025-06-19,DSV
19788725a17c4fa5,2025-06-19,Dometic Group AB
19788725bfd29835,2025-06-19,Dometic Group AB
197887345dce4e71,2025-06-19,Dometic Group AB
1978873c2f555393,2025-06-19,Electrolux Group
19788743fb86ca8a,2025-06-19,Electrolux Group
1978874afd29aae5,2025-06-19,Electrolux Professional Group
1978874e2713a213,2025-06-19,Electrolux Professional Group
197887572fe32084,2025-06-19,Elekta AB (publ)
19788767c8236076,2025-06-19,Elisa Oyj
19788776605b6f50,2025-06-19,Elisa Oyj
19788779db649a7e,2025-06-19,Embracer Group
197887955cc692cb,2025-06-19,engcon AB
197887a695e87fb9,2025-06-19,Epiroc
197887b522679ea8,2025-06-19,Epiroc
197887bf9bc451b6,2025-06-19,Ericsson
197887fab276fb34,2025-06-19,Ericsson
19788a5ee85f420b,2025-06-19,Ambu A/S
19789b912027604e,2025-06-19,Google Cloud
1978f50d69e2e92d,2025-06-20,Alvotech
1978f50da17513ac,2025-06-20,Alvotech
1978f5497fd1064f,2025-06-20,ALK
1978f549bb8a27af,2025-06-20,ALK
1979115c54e3f594,2025-06-21,AstraZeneca
197921fc99c66e57,2025-06-21,Maersk
1979b43f78ad6c23,2025-06-23,Castellum
1979b44659376b37,2025-06-23,Atrium Ljungberg AB
1979b9693575c793,2025-06-23,Bravida Holding AB
1979b969ed8e654b,2025-06-23,Bravida Holding AB
1979bceaa0e96c6a,2025-06-23,Alvotech
1979c57db691ed99,2025-06-23,Danske Bank Subscription Service
1979c9583af8afaa,2025-06-23,Alvotech
1979e63076c0c76c,2025-06-23,AstraZeneca
1979ec10c61d83cd,2025-06-23,ALK
1979ec3bc3d3210c,2025-06-23,Alvotech
197a085c191ee321,2025-06-24,Castellum
197a0866196333ed,2025-06-24,Ericsson
197a0a194abade7d,2025-06-24,Bravida Holding AB
197a0a19634f326c,2025-06-24,Bravida Holding AB
197a0eed2cd9e560,2025-06-24,DFDS A/S
197a12a83eac1d81,2025-06-24,Asmodee Group AB
197a2c1e3028593b,2025-06-24,Arion Bank
197a3eb0bab51836,2025-06-24,ALK
197a3ec1f27b3a91,2025-06-24,Alvotech
197a5ad48f3827db,2025-06-25,Electrolux Group
197a61b9e29d0ab6,2025-06-25,Alvotech
197a687bfc0b61a4,2025-06-25,Better Collective
197a6901f2bc893f,2025-06-25,Alvotech
197a6f6a7999cdc7,2025-06-25,Alfa Laval
197a75fc4d33478d,2025-06-25,Finnair
197a8d705c971074,2025-06-25,Alvotech
197a90f248e2df34,2025-06-25,ALK
197a91146fdf4c80,2025-06-25,Alvotech
197aad2dc233a444,2025-06-26,Bavarian Nordic A/S
197aaee29bf56b1e,2025-06-26,AAK
197ab178de181c3e,2025-06-26,AFRY
197ab1a8d1560336,2025-06-26,ALK
197ab419c472268d,2025-06-26,The Logistics Pulse
197ab4e94303f153,2025-06-26,BioArctic
197ab4fb9a3b4de2,2025-06-26,Alvotech
197ac36258ada11a,2025-06-26,Maersk
197ae363d1b2bc7b,2025-06-26,ALK
197ae374f8573231,2025-06-26,Alvotech
197b030657a6a768,2025-06-27,Axfood
197b0309ba1efa75,2025-06-27,Axfood
197b09d980b72d83,2025-06-27,Addnode Group
197b1514b41847fe,2025-06-27,Maersk
197b1641b576fa2d,2025-06-27,Corem Property Group
197b31e9a3292128,2025-06-27,Google
197b34f10b676458,2025-06-27,ALK
197b34f11f5f16d1,2025-06-27,ALK
197b350236095800,2025-06-27,Alvotech
197b35027c59bdbb,2025-06-27,Alvotech
197bf3555fed96b4,2025-06-30,Camurus AB
197bf6c8da736cf6,2025-06-30,AFRY
197bf6cd83b0855b,2025-06-30,Autoliv
197bf874d6d78d41,2025-06-30,Bilia
197bfa2f05703f60,2025-06-30,Avanza Bank Holding AB
197bfb18a2aeb761,2025-06-30,Dometic Group (STO)
197bfe4823cb6195,2025-06-30,Danske Bank Subscription Service
197c0113b12e5b5d,2025-06-30,Finnair
197c0bf32a477516,2025-06-30,Autoliv
197c0d14678235ab,2025-06-30,Corem Property Group
197c0ed817641406,2025-06-30,Asmodee Group AB
197c1261afb90cfc,2025-06-30,Boliden AB alerting service
197c15af3e4e17f1,2025-06-30,AFRY
197c17510269e7a3,2025-06-30,Corem Property Group
197c2d0183fa16cf,2025-06-30,Alvotech
197c2d1b3a669bb9,2025-06-30,ALK
197c492b15bad4d2,2025-07-01,AFRY
197c4931f5f8f3a4,2025-07-01,Ericsson
197c49ff67dd9e47,2025-07-01,Avanza Bank Holding AB
197c4adff1b08926,2025-07-01,Asker Healthcare Group AB
197c4ae1c6182c48,2025-07-01,Bravida Holding AB
197c4ae1d50b856c,2025-07-01,Bravida Holding AB
197c4c9b2e8ce317,2025-07-01,AFRY
197c4ec5ab8d640d,2025-07-01,Betsson AB alerting service
197c50055e21c65e,2025-07-01,ABB
197c500cf6f36123,2025-07-01,Alfa Laval
197c501b8d97a4e7,2025-07-01,Alvotech
197c552db13fb2b2,2025-07-01,Camurus AB
197c562d8fa82eef,2025-07-01,NORDEN
197c5a57984dfc5c,2025-07-01,Bravida Holding AB
197c5a5acffb7a0e,2025-07-01,Bravida Holding AB
197c5aa264256081,2025-07-01,Alvotech
197c5ca0f7830ba5,2025-07-01,Danske Bank Subscription Service
197c5dbe10d33242,2025-07-01,Avanza Bank Holding AB
197c62e2eccac259,2025-07-01,Addnode Group
197c7f6de766babc,2025-07-01,Alvotech
197c7f7ef15aa4db,2025-07-01,ALK
197c86bb6041e826,2025-07-01,Alvotech
197c91955acf8ee3,2025-07-02,Google Payments
197c9b8ac03ba364,2025-07-02,ABB
197c9d409cc2cb37,2025-07-02,Addnode Group
197c9d46da8923b0,2025-07-02,Alfa Laval
197c9efd7c6d3bc6,2025-07-02,ASSA ABLOY
197ca5e2ef2ed55e,2025-07-02,Finnair
197ca944308011ef,2025-07-02,Better Collective
197cb37386efe162,2025-07-02,Better Collective
197cbc41916556a7,2025-07-02,AFRY
197cd1b7621321b9,2025-07-02,Alvotech
197cd1c896920b77,2025-07-02,ALK
197cedf8ebe6dcd2,2025-07-03,AFRY
197cefa638b2c532,2025-07-03,Avanza Bank Holding AB
197d0972000bb1fd,2025-07-03,Addtech
197d0c0031af67b1,2025-07-03,Finnair
197d0e94373194c1,2025-07-03,Catena
197d2368a9badeea,2025-07-03,Alvotech
197d23710e42250a,2025-07-03,ALK
197d288011dac25e,2025-07-03,Alvotech
197d3ce72c5ec533,2025-07-04,ABB
197d3ea5296bbd3a,2025-07-04,Atrium Ljungberg AB
197d405ec915a210,2025-07-04,Corem Property Group
197d4062e27580de,2025-07-04,Catena
197d4065d650a085,2025-07-04,Electrolux Group
197d4066f3f04d83,2025-07-04,Electrolux Group
197d408b69e4d66c,2025-07-04,AstraZeneca
197d4213b9e4e239,2025-07-04,Atlas Copco
197d425d182d097d,2025-07-04,Atlas Copco
197d43c2f22059cb,2025-07-04,Bilia
197d43ca4769445f,2025-07-04,Billerud AB
197d43d1603b83e7,2025-07-04,Billerud AB
197d43e7fd416acb,2025-07-04,Betsson AB alerting service
197d46ef90619a29,2025-07-04,Carlsberg A/S
197d4e19c3123642,2025-07-04,AFRY
197d5336e40b219e,2025-07-04,Elekta AB (publ)
197d5f3ac8a68b16,2025-07-04,Biotage
197d5f3e76bfd046,2025-07-04,Biotage
197d75bab1ac0a1e,2025-07-04,Alvotech
197d75cb92e07e2a,2025-07-04,ALK
197d788514939ade,2025-07-04,Arion Bank
197d96cb6fac4514,2025-07-05,Finnair
197e1a82c3fc6b85,2025-07-06,Arion Bank
197e379097994222,2025-07-07,Elisa Oyj
197e37949e02dab4,2025-07-07,Elisa Oyj
197e3e688befa384,2025-07-07,Alleima
197e3efec607e07a,2025-07-07,Danske Bank Subscription Service
197e42adca9586c3,2025-07-07,Biotage
197e6cff41b4d248,2025-07-07,Alvotech
197e6e7855c32643,2025-07-07,ALK
197e883a23c06d45,2025-07-08,Alfa Laval
197e89f59aa8cf5a,2025-07-08,Electrolux Professional Group
197e89fb139c5892,2025-07-08,Electrolux Group
197e8ba926ea7169,2025-07-08,Epiroc
197e90c9209b331a,2025-07-08,engcon AB
197ec0160885bc82,2025-07-08,Alvotech
197ec040c68fdee0,2025-07-08,ALK
197ede0fb1a6086a,2025-07-09,Atlas Copco
197ede58582615fd,2025-07-09,Atlas Copco
197edea18c3af3d4,2025-07-09,Atlas Copco
197edfcd7b3b7172,2025-07-09,Finnair
197ee4fe02975dff,2025-07-09,Alvotech
197eea0cb5b8f190,2025-07-09,Better Collective
197ef0f0f9004bdf,2025-07-09,Alvotech
197efa8c4b16d384,2025-07-09,Bavarian Nordic A/S
197efb3b733878ea,2025-07-09,Enity Bank Group
197f12a4a4394af3,2025-07-09,ALK
197f12b589fe0a2c,2025-07-09,Alvotech
197f2ebe1b0cb9a9,2025-07-10,AFRY
197f2ebf1c12ed94,2025-07-10,Corem Property Group
197f2ec657d9fd31,2025-07-10,ASSA ABLOY
197f307424604f1a,2025-07-10,Atlas Copco
197f359f6ffd04ec,2025-07-10,Alfa Laval
197f37696b5f7105,2025-07-10,The Logistics Pulse
197f37f2b0d789d8,2025-07-10,Alvotech
197f402bb2603433,2025-07-10,Alvotech
197f64f6be25b597,2025-07-10,Alvotech
197f64fed019bc72,2025-07-10,ALK
197f7dba51b97ce4,2025-07-11,Axfood
197f7dbbbcdbe1b8,2025-07-11,Axfood
197f7f6c6368d361,2025-07-11,Bravida Holding AB
197f7f6cb44f178a,2025-07-11,Bravida Holding AB
197f8040d393700c,2025-07-11,Avanza Bank Holding AB
197f811c3a12994e,2025-07-11,Vitec Software Group
197f812716bbc1bb,2025-07-11,Corem Property Group
197f87faf7aa9753,2025-07-11,Addnode Group
197f88023404e29c,2025-07-11,DFDS A/S
197fa537e6fbe0e8,2025-07-11,Arion Bank
197fb7512516da3c,2025-07-11,ALK
197fb7515d36d40f,2025-07-11,ALK
197fb7629a31396f,2025-07-11,Alvotech
197fb762dd404059,2025-07-11,Alvotech
1980353d7ed10746,2025-07-13,Finnair
198078701a3a3acc,2025-07-14,AstraZeneca
19807cb05646adf5,2025-07-14,Dometic Group (STO)
19807cb05f2ab32f,2025-07-14,Dometic Group (STO)
19807cb079d45be0,2025-07-14,Dometic Group (STO)
19807fda11b061e2,2025-07-14,Danske Bank Subscription Service
198080e2eaf4a930,2025-07-14,Addnode Group
1980a18b7c989e16,2025-07-14,AFRY
1980ae988129abf8,2025-07-14,Alvotech
1980aea0d611a731,2025-07-14,ALK
1980c74cab934200,2025-07-15,AFRY
1980c7500a55b2e1,2025-07-15,Ericsson
1980c7ddf6ffaf40,2025-07-15,AFRY
1980c905e9d00dfa,2025-07-15,Elisa Oyj
1980c908d461164a,2025-07-15,Elisa Oyj
1980c93f9f819a6d,2025-07-15,Dometic Group AB
1980c9dc5960fd2a,2025-07-15,AddLife
1980cad3e0410e27,2025-07-15,Castellum
1980cb9723925443,2025-07-15,Addtech
1980ed521ba9a9d2,2025-07-15,Arion Bank
1980fffe79d30bca,2025-07-15,Alvotech
1981003152612da0,2025-07-15,ALK
19811d20fe206e1e,2025-07-16,AFRY
19811d258757ba6a,2025-07-16,Finnair
19811d62a207856b,2025-07-16,AstraZeneca
19812249510a59ba,2025-07-16,BioArctic
19812ad50b47a6f5,2025-07-16,Better Collective
198152647b8441e3,2025-07-16,Alvotech
198152846002a39c,2025-07-16,ALK
19816b495f01779f,2025-07-17,ABB
19816c15b06d67c9,2025-07-17,Camurus AB
19816f8669300eef,2025-07-17,AFRY
19816f8b38baa963,2025-07-17,ASSA ABLOY
1981713b4706a114,2025-07-17,AAK
198172f5fc6a23fb,2025-07-17,Addtech
198180b01b0526d4,2025-07-17,Electrolux Professional Group
1981a59c41cc0354,2025-07-17,Alvotech
1981a5c7312a1f08,2025-07-17,ALK
1981be7cb0228093,2025-07-18,Billerud AB
1981be7d0dadf309,2025-07-18,Billerud AB
1981be815a0d0e4f,2025-07-18,Electrolux Group
1981be85ddc656e8,2025-07-18,Electrolux Group
1981c03824d0e550,2025-07-18,Betsson AB alerting service
1981c05535606cff,2025-07-18,Betsson AB alerting service
1981c0abfd14433a,2025-07-18,Danske Bank Subscription Service
1981c0b65d9fb6bd,2025-07-18,Danske Bank Subscription Service
1981c0c6d0a8d328,2025-07-18,Danske Bank Subscription Service
1981c123a9ec228f,2025-07-18,Boliden AB alerting service
1981c123c475c0fb,2025-07-18,Boliden AB alerting service
1981c1b64b04dc4b,2025-07-18,Boliden AB alerting service
1981c1e7afcdfeee,2025-07-18,Bilia
1981c1e9e04337ee,2025-07-18,engcon AB
1981c3a03d1acec7,2025-07-18,Asker Healthcare Group AB
1981cc3df7c871b4,2025-07-18,Epiroc
1981cdf076fb0ce9,2025-07-18,Alleima
1981cf7517844675,2025-07-18,Castellum
1981cfb0396350ae,2025-07-18,Autoliv
1981d319bc57e61b,2025-07-18,Atlas Copco
1981d334b7c432e4,2025-07-18,Atlas Copco
1981d69eed1d66d8,2025-07-18,ALK
1981d6a0f5667e31,2025-07-18,ALK
1981f811c861dd28,2025-07-18,ALK
1981f81a44e79deb,2025-07-18,ALK
1981f83c91901326,2025-07-18,Alvotech
1981f83caee73fee,2025-07-18,Alvotech
1982b9420dc6c7ab,2025-07-21,AstraZeneca
1982c09b287494b5,2025-07-21,Danske Bank Subscription Service
1982c857a5ddcf63,2025-07-21,ALK
1982ca40a9bb2289,2025-07-21,Better Collective
1982d18116ed0ce0,2025-07-21,Corem Property Group
1982db6b5fe665d0,2025-07-21,Arion Bank
1982ee71a8ac5bea,2025-07-21,AstraZeneca
1982ef02ad55ced6,2025-07-21,Alvotech
1982ef3eb237a726,2025-07-21,ALK
1983081385eff4ae,2025-07-22,Alfa Laval
198309c948a87869,2025-07-22,Electrolux Professional Group
198309cae9156cf0,2025-07-22,Alfa Laval
19830b83edc2fb19,2025-07-22,Asker Healthcare Group AB
19830b8415fa5f62,2025-07-22,BioArctic
19830b84b9c528c1,2025-07-22,Bavarian Nordic A/S
19830c12f296ec66,2025-07-22,Asker Healthcare Group AB
198341775688a420,2025-07-22,Alvotech
198341aa7a9bfec4,2025-07-22,ALK
19836b9ce46b6b32,2025-07-23,Better Collective
19837031386e9487,2025-07-23,Arion Bank
198375eb2fe7b5ab,2025-07-23,Elekta AB (publ)
19837b13d73fb8f8,2025-07-23,Bure Equity AB
19837b16d6779608,2025-07-23,Bure Equity AB
198393c9230a84e2,2025-07-23,Alvotech
198394167d690678,2025-07-23,ALK
1983b0710ec1813c,2025-07-24,AstraZeneca
1983b729d59996d3,2025-07-24,Corem Property Group
1983b7552fda9709,2025-07-24,The Logistics Pulse
1983cba4eb92dbbb,2025-07-24,Bavarian Nordic A/S
1983d73904caf0a7,2025-07-24,Camurus AB
1983e657b9013581,2025-07-24,Alvotech
1983e68b3d4b401d,2025-07-24,ALK
19841335422341a8,2025-07-25,AstraZeneca
19841746e1746f7b,2025-07-25,engcon AB
198439662e9a52ec,2025-07-25,Alvotech
198439664f07073b,2025-07-25,Alvotech
1984399995a518c6,2025-07-25,ALK
198439a266bf51ae,2025-07-25,ALK
1984f9ea6a03d22e,2025-07-28,Asmodee Group AB
1984fa2b0a2b23e6,2025-07-28,AstraZeneca
1984fa79b9f0cd00,2025-07-28,Bavarian Nordic A/S
1984ff0ab484fb48,2025-07-28,Finnair
19850163a5e193f8,2025-07-28,Danske Bank Subscription Service
19852aa53e13afd3,2025-07-28,Alvotech
19852da7fa760a17,2025-07-28,Alvotech
19852f429213495e,2025-07-28,ALK
198530884ddd16c9,2025-07-28,Alvotech
19854c64b76ea21a,2025-07-29,AstraZeneca
19854dfc2263891a,2025-07-29,Addnode Group
19854fb7de3576d7,2025-07-29,Ericsson
1985832ba69c631d,2025-07-29,Alvotech
1985833d15e61944,2025-07-29,ALK
1985ac654283a180,2025-07-30,Better Collective
1985bf90f4592671,2025-07-30,Arion Bank
1985d40e3e60e234,2025-07-30,ALK
1985d586efbead6b,2025-07-30,Alvotech
1985dac62bbfdc7d,2025-07-30,BioArctic
1985f115fbf4100c,2025-07-31,Ericsson
1985f2cd644a9933,2025-07-31,Atlas Copco
1985f484170b181f,2025-07-31,Asker Healthcare Group AB
1985fed2a5ef3f9a,2025-07-31,BioArctic
19860e8e362be8f9,2025-07-31,Bavarian Nordic A/S
19860ff9c1880c20,2025-07-31,Corem Property Group
19861288d229c3a6,2025-07-31,Addnode Group
1986266ad8ba4191,2025-07-31,ALK
198627b8e3a480ae,2025-07-31,Alvotech
198641beb8cedcc9,2025-08-01,Elekta AB (publ)
198645329d92cce3,2025-08-01,Atlas Copco
198646ed9746767b,2025-08-01,Electrolux Group
19866671bb75c3c9,2025-08-01,Danske Bank Subscription Service
198678cea2b9c205,2025-08-01,ALK
198678cf3794e1f8,2025-08-01,ALK
19867a030c205cc0,2025-08-01,Alvotech
19867a0354cb2cbf,2025-08-01,Alvotech
1986856193570711,2025-08-02,Google Payments
19873c6516146888,2025-08-04,Atlas Copco
19873e1e697dd1cd,2025-08-04,Alfa Laval
198742254760339f,2025-08-04,Danske Bank Subscription Service
19877077adb97e59,2025-08-04,Alvotech
1987710098685302,2025-08-04,ALK
19878ec48cfd3fc1,2025-08-05,Avanza Bank Holding AB
19878ec9deadb1a5,2025-08-05,Atlas Copco
19879311b7431cbe,2025-08-05,NORDEN
1987a1a7371498ca,2025-08-05,ABB
1987c2ad1f4e804c,2025-08-05,Alvotech
1987c35832de56a4,2025-08-05,ALK
1987eca2cb5c4978,2025-08-06,Danske Bank Subscription Service
1987ed2d8fb21d8d,2025-08-06,Better Collective
1987ed34d2af2a15,2025-08-06,Epiroc
1987f420a0a558a3,2025-08-06,Alvotech
1987f54e19a6d0a2,2025-08-06,NORDEN
1988156320c5a5ac,2025-08-06,ALK
1988156b935d2e88,2025-08-06,Alvotech
19883020d8d767ac,2025-08-07,Elekta AB (publ)
19883422b89949ee,2025-08-07,Embracer Group
198838b9adf96ee2,2025-08-07,Asker Healthcare Group AB
198838d877e0af7a,2025-08-07,The Logistics Pulse
19884b5aa0f06a9b,2025-08-07,Ambu A/S
198867b6cfb423fa,2025-08-07,Alvotech
1988681d4d48066f,2025-08-07,ALK
198880cf385486d6,2025-08-08,Asmodee Group AB
198891f94d26a198,2025-08-08,Better Collective
1988961f5dc688b7,2025-08-08,DFDS A/S
1988ba57499b7127,2025-08-08,Alvotech
1988ba5759a51f71,2025-08-08,Alvotech
1988ba81f32e0934,2025-08-08,ALK
1988ba821e29e96c,2025-08-08,ALK
198982efcedfca2a,2025-08-11,Danske Bank Subscription Service
1989b249c4d4a181,2025-08-11,ALK
1989b2634bf8d7fe,2025-08-11,Alvotech
1989e51236474fdd,2025-08-12,ALK
1989e512671d583d,2025-08-12,ALK
198a03159b43e8eb,2025-08-12,Alvotech
198a0494c083aca1,2025-08-12,ALK
198a2df6384f3517,2025-08-13,Better Collective
198a34f938cb12e0,2025-08-13,EQT
198a34fc22d8cbbf,2025-08-13,EQT
198a350359285beb,2025-08-13,EQT
198a350e0725f826,2025-08-13,Ericsson
198a3515dc40adf2,2025-08-13,Ericsson
198a352b94df8326,2025-08-13,Evolution
198a352f2a0d4736,2025-08-13,Essity
198a353321fa2c61,2025-08-13,Essity
198a35332429a8e9,2025-08-13,Evolution
198a354185aa7c97,2025-08-13,Fabege
198a354567460678,2025-08-13,Fabege
198a3549336a64d5,2025-08-13,Fabege
198a35505ebe47bd,2025-08-13,Fastighets AB Balder
198a35541dd60a4a,2025-08-13,Fastighets AB Balder
198a3566456bd367,2025-08-13,Fastpartner
198a356a3781127f,2025-08-13,Fastpartner
198a359978ee8a2c,2025-08-13,Fiskars Corporation
198a359d960bda75,2025-08-13,Fiskars Corporation
198a35af0529557a,2025-08-13,FLSmidth
198a35be2afb7200,2025-08-13,Fortum
198a35c1abfa64d2,2025-08-13,Fortum
198a35ca055f454a,2025-08-13,Genmab A/S
198a35dbf351b8a3,2025-08-13,Getinge
198a35e172f500c8,2025-08-13,Globenewswire
198a35e351489cdf,2025-08-13,Getinge
198a3603f48c9e39,2025-08-13,H. Lundbeck A/S
198a3615fcd82f33,2025-08-13,H. Lundbeck A/S
198a36209c98f373,2025-08-13,Gränges AB (publ)
198a36303c971743,2025-08-13,Hacksaw
198a363afdb4baf3,2025-08-13,Hemnet Group
198a3649a9e90a34,2025-08-13,H & M Hennes & Mauritz AB
198a364d4c1f7c9f,2025-08-13,H & M Hennes & Mauritz AB
198a366f09e3e9b5,2025-08-13,Hexagon
198a369083ed113a,2025-08-13,HEXPOL AB Alerting Service
198a36975d678754,2025-08-13,HEXPOL AB Alerting Service
198a36a3358665a8,2025-08-13,HEXPOL AB Alerting Service
198a36aa285484b7,2025-08-13,HEXPOL AB Alerting Service
198a36ad1cff24e2,2025-08-13,HEXPOL AB Alerting Service
198a36bcdeebeea1,2025-08-13,HEXPOL AB Alerting Service
198a36bf57913c84,2025-08-13,HEXPOL AB Alerting Service
198a36d91fb0a8e7,2025-08-13,Hiab Corporation
198a36ea623abbf4,2025-08-13,HMS Networks AB
198a372191d2adc6,2025-08-13,Hufvudstaden
198a3725674aa5c3,2025-08-13,Hufvudstaden
198a373009c13d63,2025-08-13,Globenewswire
198a376ed39ebb32,2025-08-13,Husqvarna Group alerting service
198a3a80b10c8130,2025-08-13,Husqvarna Group alerting service
198a3a8d9e54d310,2025-08-13,Industrivärden
198a3a9b6954757c,2025-08-13,Indutrade
198a3aaa69dd9ae9,2025-08-13,Globenewswire
198a3afda60e607c,2025-08-13,Tt
198a3b14fca519f0,2025-08-13,John Bean Technologies Corporation
198a3b3dc19e9ac2,2025-08-13,JM
198a3b4163f427e8,2025-08-13,JM
198a3b44c1ba242c,2025-08-13,JM
198a3b64341443fb,2025-08-13,Jyske Bank
198a3b74d17b836a,2025-08-13,Kemira Oyj
198a3b795c045b3f,2025-08-13,Globenewswire
198a3b7c6fe4e777,2025-08-13,Kemira Oyj
198a3b93ba7988b1,2025-08-13,STT Info
198a3ba411329c6b,2025-08-13,K-ryhmä
198a3ba7a2d217ad,2025-08-13,K-ryhmä
198a3bc1f8e9b5b8,2025-08-13,Kojamo Oyj
198a3bc9161dd48b,2025-08-13,Kojamo Oyj
198a3bd2ddbaaac7,2025-08-13,Kinnevik AB (publ)
198a3be6904ba471,2025-08-13,KONE Oyj
198a3bea45fe5cba,2025-08-13,KONE Oyj
198a3bf8e94197e4,2025-08-13,Konecranes Oyj
198a3bfc6975ea10,2025-08-13,Konecranes Oyj
198a3ddd33f6af4a,2025-08-13,Genmab A/S
198a40e0a33fb35d,2025-08-13,Fiskars Corporation
198a42a3609ce340,2025-08-13,Kemira Oyj
198a44959e94f27e,2025-08-13,H. Lundbeck A/S
198a44eda6fdf4db,2025-08-13,H. Lundbeck A/S
198a5141e90f615e,2025-08-13,Alvotech
198a519f6adf8d00,2025-08-13,Alvotech
198a53b3290c4d2d,2025-08-13,John Bean Technologies Corporation
198a5723e8bb3550,2025-08-13,ALK
198a573de0d92e94,2025-08-13,Alvotech
198a6f33d50b2b78,2025-08-14,Embracer Group
198a6f38c03614de,2025-08-14,K-ryhmä
198a6f3c3aae617d,2025-08-14,K-ryhmä
198a727a0a7940df,2025-08-14,Carlsberg A/S
198a732e7d5ded9f,2025-08-14,NORDEN
198a7986e997c9dc,2025-08-14,Kempower Oyj
198a7b2ad809296e,2025-08-14,Investment AB Latour
198a7b2e3071a247,2025-08-14,Investment AB Latour
198a7b34204991b9,2025-08-14,Lifco AB (publ)
198a7b537cdf0e49,2025-08-14,Lindab
198a7b57112b1c8c,2025-08-14,Lindab
198a7c20b3406fa7,2025-08-14,Loomis AB
198a7c23de20c19b,2025-08-14,Loomis AB
198a7c324411ffd4,2025-08-14,L E Lundbergföretagen AB (publ)
198a7c3a5cbc7667,2025-08-14,L E Lundbergföretagen AB (publ)
198a7c64503f406b,2025-08-14,Lundinmining
198a7c79aed8b382,2025-08-14,Lundinmining
198a7c7fca745996,2025-08-14,Lundinmining
198a7c861eb5477b,2025-08-14,Lundinmining
198a7caff9749d74,2025-08-14,Lundinmining
198a7cb3a53f14a5,2025-08-14,Lundinmining
198a7cbeed95d611,2025-08-14,Lundingold
198a7cd3e33518aa,2025-08-14,Mandatum Oyj
198a7cd7f962b765,2025-08-14,Mandatum Oyj
198a7d039c370fcd,2025-08-14,Metso Corporation
198a7d0eaeab6d74,2025-08-14,Metso Corporation
198a7d15ea33909e,2025-08-14,Metsä Board Oyj
198a7d1975882949,2025-08-14,Metsä Board Oyj
198a7d2a6ed21cd7,2025-08-14,Mips AB
198a7d3726d9b142,2025-08-14,Munters Group AB
198a7d41845c669e,2025-08-14,Mycronic
198a7d45444d7a7e,2025-08-14,Munters Group AB
198a7d515eda32c8,2025-08-14,NCAB Group
198a7d5f41dae454,2025-08-14,NCC
198a7d5f5038b776,2025-08-14,NCC
198a7d5f9680a835,2025-08-14,NCC
198a7d62de913680,2025-08-14,NCC
198a7d62e6115d5d,2025-08-14,NCC
198a7d62ebf96eb9,2025-08-14,NCC
198a7d62f06f9c69,2025-08-14,NCC
198a7d6308bf322a,2025-08-14,NCC
198a7d631a76488c,2025-08-14,NCC
198a7d6334708b9a,2025-08-14,NCC
198a7d66b433e93c,2025-08-14,NCC
198a7d69f0bf7e9c,2025-08-14,NCC
198a7d804b63aa31,2025-08-14,Neste
198a7d8b75dd2d2f,2025-08-14,Netcompany
198a7d928735073a,2025-08-14,Neste
198a7dab738bb023,2025-08-14,NIBE Industrier
198a7dc0fe86b61b,2025-08-14,NKT A/S
198a7dcf87da0a15,2025-08-14,NKT A/S
198a7dcf95cb35c1,2025-08-14,NKT A/S
198a7dede14b60f2,2025-08-14,Nokia  Services
198a7e03e94c26d3,2025-08-14,Nokian Tyres
198a7e0b21265253,2025-08-14,Nokian Tyres
198a7e107f23c330,2025-08-14,Nolato
198a7e2166c57870,2025-08-14,Nordea
198a7e24ecebad19,2025-08-14,Nordea
198a7e3410acec60,2025-08-14,Nordnet
198a7e4292ed3621,2025-08-14,Nordnet
198a7e61c75b394c,2025-08-14,Novo Nordisk
198a7e6f3b87cfcf,2025-08-14,Team Novonesis
198a7e86200f3b94,2025-08-14,NP Fastigheter Alerting Service
198a7e883a5b6d60,2025-08-14,NP Fastigheter Alerting Service
198a7e90da4d6075,2025-08-14,Nyfosa
198a7f87be08ff8e,2025-08-14,OEM International
198a7fae6456858a,2025-08-14,Globenewswire
198a802631ce00f7,2025-08-14,Outokumpu Oyj
198a8035168039ba,2025-08-14,Outokumpu Oyj
198a8054f156ea14,2025-08-14,Pandox
198a8062477d6754,2025-08-14,Kojamo Oyj
198a806496cc2b48,2025-08-14,Peab
198a806fa47d90f1,2025-08-14,Peab
198a8090a7d5b6f4,2025-08-14,Qt Group
198a809430c5f8ab,2025-08-14,Qt Group
198a813ecd54de46,2025-08-14,Metsä Board Oyj
198a82e81b2cf016,2025-08-14,Nasdaq Company News
198a831343ec9255,2025-08-14,Nasdaq Company News
198a831c486329e0,2025-08-14,Nasdaq Company News
198a83264061ffbd,2025-08-14,Nasdaq Company News
198a832f7db41f3f,2025-08-14,Nasdaq Company News
198a833b6d6e4751,2025-08-14,Nasdaq Company News
198a834ae14c930c,2025-08-14,Nasdaq Company News
198a8350c12b4d4a,2025-08-14,Nasdaq Company News
198a8355688bf235,2025-08-14,Nasdaq Company News
198a835c478c2a08,2025-08-14,Nasdaq Company News
198a8361fcb3a7a1,2025-08-14,Nasdaq Company News
198a83680b99e0ad,2025-08-14,Nasdaq Company News
198a8370294d2b88,2025-08-14,Nasdaq Company News
198a8375f2b3d134,2025-08-14,Nasdaq Company News
198a837c49fd1004,2025-08-14,Nasdaq Company News
198a838171071231,2025-08-14,Nasdaq Company News
198a83860bb7f8f9,2025-08-14,Nasdaq Company News
198a838b1363eb2f,2025-08-14,Nasdaq Company News
198a838f619976f9,2025-08-14,Nasdaq Company News
198a8396b5ca831b,2025-08-14,Nasdaq Company News
198a839c0e71895a,2025-08-14,Nasdaq Company News
198a83a3cc95b914,2025-08-14,Nasdaq Company News
198a83ac6f1798a1,2025-08-14,Nasdaq Company News
198a83b1578a7bb7,2025-08-14,Nasdaq Company News
198a83b568ad7b22,2025-08-14,Nasdaq Company News
198a83b8e737c4dc,2025-08-14,Nasdaq Company News
198a83bb1181b3e3,2025-08-14,Nasdaq Company News
198a845cde07558b,2025-08-14,Nasdaq Company News
198a84629d522155,2025-08-14,FLSmidth
198a853c758caee3,2025-08-14,Stora Enso Oyj
198a853cf0cbc371,2025-08-14,Stora Enso Oyj
198a85a91db0a609,2025-08-14,Festi hf.
198a86c83aff05c0,2025-08-14,Carlsberg A/S
198a86c90f4b23f1,2025-08-14,Carlsberg A/S
198a87271b3aff95,2025-08-14,WindowMaster International A/S
198a8739147c5c68,2025-08-14,Mendus AB
198a8739420dd5b5,2025-08-14,Nokia
198a874842f59cd3,2025-08-14,Klarna Holding AB
198a88010b67c8dd,2025-08-14,Nasdaq Company News
198a88444adbd67b,2025-08-14,Nasdaq Company News
198a8874930809ea,2025-08-14,Nasdaq Company News
198a88a2ad123b4d,2025-08-14,Carlsberg A/S
198a88a377641aa9,2025-08-14,Carlsberg A/S
198a88ab4127e991,2025-08-14,Google
198a88ac8e8fef55,2025-08-14,Google
198a88bbcacf6774,2025-08-14,Google
198a88f15a4166dd,2025-08-14,Herantis Pharma Oyj
198a898575237024,2025-08-14,Aalborg Boldspilklub A/S
198a89ea324bd5cf,2025-08-14,Hagar hf.
198a8a4fe33f174d,2025-08-14,Nasdaq Company News
198a8a7a031b21ac,2025-08-14,ALK-Abelló
198a8a8f3b35ac8c,2025-08-14,ALK
198a8aa7fa026e28,2025-08-14,eQ Oyj
198a8aa80ed06095,2025-08-14,Enersense International Oyj
198a8aa82fafb7a8,2025-08-14,Nimbus Group AB
198a8aa84ecd9e3d,2025-08-14,Skåne-möllan AB
198a8aa8a02b4d21,2025-08-14,Valmet Corporation
198a8aa8ff61210c,2025-08-14,Valmet Corporation
198a8ad215d3875d,2025-08-14,Gabriel Holding A/S
198a8b2d0e106ccb,2025-08-14,Investeringsforeningen Coop Opsparing
198a8b587f19acf9,2025-08-14,North Media A/S
198a8b847543bc8c,2025-08-14,Freja eID Group AB
198a8bb1c7c89c31,2025-08-14,Nasdaq Company News
198a8bcd2c482c80,2025-08-14,BIMobject AB
198a8bdc1a637ed2,2025-08-14,Heimar hf.
198a8bf6caed3396,2025-08-14,Nasdaq Company News
198a8c16805f0246,2025-08-14,Nasdaq Company News
198a8c209a1c5dab,2025-08-14,Nasdaq Company News
198a8c44acd1c706,2025-08-14,North Media A/S
198a8c51c019089b,2025-08-14,Nasdaq Company News
198a8cbf981fd251,2025-08-14,Nasdaq Company News
198a8cc2018f65aa,2025-08-14,Nasdaq Company News
198a8cdb96964106,2025-08-14,Nasdaq Company News
198a8cea55693b6a,2025-08-14,Nasdaq Company News
198a8d4896bc6faa,2025-08-14,Nasdaq Company News
198a8d69ff49dbd6,2025-08-14,Nasdaq Company News
198a8d76f290aaf0,2025-08-14,Nasdaq Company News
198a8d8092d94d5d,2025-08-14,Nasdaq Company News
198a8d88f3f130b1,2025-08-14,Nasdaq Company News
198a8e187fc5a3bf,2025-08-14,Essity AB
198a8e189b123a50,2025-08-14,Essity AB
198a8e204db9a32f,2025-08-14,Essity
198a8f0cee6589c5,2025-08-14,Nasdaq Company News
198a8f2406e2246f,2025-08-14,Nasdaq Company News
198a8f2de55ef316,2025-08-14,Nasdaq Company News
198a8f3639f304df,2025-08-14,Nasdaq Company News
198a8f3bf08e748b,2025-08-14,Nykredit Bank A/S
198a8f3bff3861ad,2025-08-14,Totalkredit A/S
198a8f3c3f1ba389,2025-08-14,Nykredit Realkredit A/S
198a8f5bcceb688c,2025-08-14,Spar Nord Bank
198a8f7adafd588a,2025-08-14,Carlsberg A/S
198a8f7be433f5e2,2025-08-14,Carlsberg A/S
198a8fcf4fe74aef,2025-08-14,Pro Kapital Grupp
198a8fd023e899db,2025-08-14,Pro Kapital Grupp
198a90347d2bd6bd,2025-08-14,Nasdaq Company News
198a9035af069589,2025-08-14,RISMA Systems A/S
198a904d2dd74737,2025-08-14,Nasdaq Company News
198a9155077cb192,2025-08-14,RISMA Systems A/S
198a9187f4da9c5b,2025-08-14,NAXS AB
198a9187f60794b8,2025-08-14,NAXS AB
198a91ada5d6ab3f,2025-08-14,Dataproces Group A/S
198a91cf04086011,2025-08-14,Stenhus Fastigheter i Norden AB (publ)
198a91d29c71d6d0,2025-08-14,Gofore Oyj
198a92bb04fe9f70,2025-08-14,NKT A/S
198a92de191a51ab,2025-08-14,NKT A/S
198a92f249992e0c,2025-08-14,NKT A/S
198a92fa66e28c9d,2025-08-14,NKT A/S
198a92facd31b7f5,2025-08-14,NKT A/S
198a92fc76f83a4a,2025-08-14,Nasdaq Company News
198a9300fde362bc,2025-08-14,FOM Technologies A/S
198a930f42fd2938,2025-08-14,Nasdaq Company News
198a93254869719f,2025-08-14,NKT A/S
198a932655eaf8b2,2025-08-14,Nasdaq Company News
198a933d6f251f79,2025-08-14,Vaisala
198a933f03036a96,2025-08-14,United Bankers Oyj
198a933fc46104f5,2025-08-14,Alma Media
198a933fd6f11a0f,2025-08-14,Fiskars Oyj Abp
198a933fd7e07d2c,2025-08-14,Fiskars Corporation
198a9340085cf8b1,2025-08-14,Alma Media
198a934443c04be5,2025-08-14,Fiskars Corporation
198a934c9728eff2,2025-08-14,Government Debt Management
198a94168149504c,2025-08-14,Nasdaq Company News
198a94cd82d721de,2025-08-14,Brødrene A. & O. Johansen A/S
198a94f7c2f281dc,2025-08-14,Kemira Oyj
198a94f7f2dfcf8e,2025-08-14,Kemira Oyj
198a94ff11ada609,2025-08-14,Kemira Oyj
198a9516660d75cd,2025-08-14,Nova Klúbburinn hf.
198a95175ad32801,2025-08-14,FOM Technologies A/S
198a956c11cc1063,2025-08-14,Bang & Olufsen A/S
198a96662cefb321,2025-08-14,Útgerðarfélag Reykjavíkur hf
198a96abfbee2965,2025-08-14,Arctic Blue Beverages AB
198a975bf3de05bb,2025-08-14,Dovre Group Plc
198a976a3b77554f,2025-08-14,Greater Than AB
198a9867e80790a4,2025-08-14,Viking Line
198a9867f3aa6bf3,2025-08-14,Viking Line
198a9868530f1d54,2025-08-14,Viking Line
198a9a3d49dd4324,2025-08-14,Skel fjárfestingafélag hf.
198a9a4d15dfc58b,2025-08-14,Landsbankinn hf.
198a9e6725fe4d2f,2025-08-14,Relais Group Oyj
198a9e674fe5e1ac,2025-08-14,Relais Group Oyj
198a9fab65749a0f,2025-08-14,Verve Group SE
198aa027c4fe3365,2025-08-14,Verve Group SE
198aa0fb23c6811f,2025-08-14,Nordea Bank Oyj
198aa0fbed028c05,2025-08-14,Nordea Bank Abp
198aa0fcbef6d0e7,2025-08-14,Nordea Bank Abp
198aa100604d7682,2025-08-14,Nordea
198aa3cca13934d0,2025-08-14,RISMA Systems A/S
198aa3fa427b6b74,2025-08-14,RISMA Systems A/S
198aa425bec7df9a,2025-08-14,RISMA Systems A/S
198aa45c9d8e94be,2025-08-14,RISMA Systems A/S
198aa4836a397f8c,2025-08-14,RISMA Systems A/S
198aa4bffa0f87fe,2025-08-14,RISMA Systems A/S
198aa4dd19608e3f,2025-08-14,Ecoup Oyj
198aa4e8022df3a2,2025-08-14,RISMA Systems A/S
198aa53441a67003,2025-08-14,RISMA Systems A/S
198aa564ed566848,2025-08-14,RISMA Systems A/S
198aa589bb86a16d,2025-08-14,RISMA Systems A/S
198aa5b7f9546684,2025-08-14,RISMA Systems A/S
198aa6183ab8b303,2025-08-14,John Bean Technologies Corporation
198aa7da01b1ff25,2025-08-14,Nasdaq Company News
198aa7f6ab530aec,2025-08-14,Alvotech
198aa977c6483e82,2025-08-14,ALK
198abd9993748ea9,2025-08-15,Kinda Brave Entertainment Group AB
198ac1976f948dfd,2025-08-15,Sozap AB
198ac1978d87d12e,2025-08-15,Doro AB
198ac197e2a8cd18,2025-08-15,Enad Global 7 AB
198ac198e8c76446,2025-08-15,Tokmanni Group Oyj
198ac199d2b76480,2025-08-15,Tokmanni Group Oyj
198ac1a4f3a370ca,2025-08-15,KH Group Plc
198ac1abc278a3f6,2025-08-15,Verve Group SE
198ac29e0ce07c08,2025-08-15,Carlsberg A/S
198ac29ea0727ef8,2025-08-15,Carlsberg A/S
198ac34dff6f49f0,2025-08-15,Witted Megacorp Oyj
198ac34e2a4ae072,2025-08-15,Asuntosalkku Oyj
198ac34e92ebb167,2025-08-15,Sampo
198ac34f75766d15,2025-08-15,Pandora A/S
198ac34fa1105293,2025-08-15,Cabonline Group AB (publ)
198ac34fefd48840,2025-08-15,Lindex Group Oyj
198ac3502d587d7c,2025-08-15,Cabonline Group AB (publ)
198ac350468c9048,2025-08-15,Lindex Group Oyj
198ac3506a8eead6,2025-08-15,Björn Borg AB
198ac350bf6818d9,2025-08-15,Skanska AB
198ac350c48b00d1,2025-08-15,Lindex Group Oyj
198ac3515cd805e3,2025-08-15,Anora Group Oyj
198ac35176ea404a,2025-08-15,Anora Group Oyj
198ac351a4e63a26,2025-08-15,Skanska AB
198ac3526a32b544,2025-08-15,Kesla Oyj
198ac3550157b1fb,2025-08-15,Lemonsoft Oyj
198ac4308b248d31,2025-08-15,Elecster Oyj
198ac47339be69cc,2025-08-15,XSpray Pharma AB
198ac4d8fb12836e,2025-08-15,BioPorto A/S
198ac5058e33cb90,2025-08-15,Xintela AB
198ac505acefdfa2,2025-08-15,Braincool AB
198ac505f4cfdccc,2025-08-15,LapWall Oyj
198ac505f5534ee6,2025-08-15,VR-Yhtymä Oyj
198ac50669d64e1d,2025-08-15,Nexstim Oyj
198ac5066ed771c5,2025-08-15,Ovzon AB
198ac506ba87e446,2025-08-15,WithSecure Oyj
198ac507959e74b9,2025-08-15,AcadeMedia AB
198ac507e2ee3229,2025-08-15,Arla Plast AB
198ac507f3f7441d,2025-08-15,Precise Biometrics AB
198ac50c1aff718d,2025-08-15,Boozt AB
198ac50d2c85f25d,2025-08-15,Arla Plast AB
198ac50d608473e4,2025-08-15,AcadeMedia AB
198ac50d782454ad,2025-08-15,Greenfood AB (publ)
198ac50dc9e108b6,2025-08-15,Medhelp Care AB
198ac50def1a3de5,2025-08-15,Afarak Group Plc
198ac50e0d20dd4c,2025-08-15,DistIT AB
198ac50e2a631663,2025-08-15,Fortum
198ac50e54991e34,2025-08-15,Greenfood AB (publ)
198ac50e7ad104b1,2025-08-15,Wall to Wall Group AB
198ac50e8456ea53,2025-08-15,Nepa AB
198ac50e967e3ace,2025-08-15,Fractal Gaming Group AB
198ac50eb7f1c0ae,2025-08-15,Fortum
198ac50ee052762a,2025-08-15,XSpray Pharma AB
198ac50f1c6c8704,2025-08-15,Fractal Gaming Group AB
198ac51380d9fd8c,2025-08-15,Safello Group AB
198ac514249675c0,2025-08-15,Safello Group AB
198ac514533d6c24,2025-08-15,Viking Line
198ac5148106b7a0,2025-08-15,Viking Line
198ac514af633c9a,2025-08-15,Oneflow AB
198ac51525d8f895,2025-08-15,Oneflow AB
198ac51554e0aabd,2025-08-15,Viking Line
198ac516441261a7,2025-08-15,Irisity AB
198ac516cb747535,2025-08-15,Fortum
198ac5172247ab4e,2025-08-15,Irisity AB
198ac540a08ba299,2025-08-15,Aktieselskabet Schouw & Co.
198ac557ac0bc635,2025-08-15,City Gross
198ac6532818d2ff,2025-08-15,Bang & Olufsen A/S
198ac6bd03fcf2d1,2025-08-15,Creades AB
198ac6bd0c2d0bff,2025-08-15,Lifeclean International AB
198ac6bd52783ea8,2025-08-15,NOVOTEK AB
198ac6bd95e4aaf5,2025-08-15,Aino Health AB (publ)
198ac6bdca486983,2025-08-15,Unibap Space Solutions AB
198ac6bdf01926da,2025-08-15,Viking Supply Ships AB
198ac6be4061bfd2,2025-08-15,Nimbus Group AB
198ac6bea6c11b65,2025-08-15,Bure Equity AB
198ac6bf4d74b558,2025-08-15,Garo AB
198ac6bf779b194d,2025-08-15,Investment AB Öresund
198ac6bf9498cc56,2025-08-15,Garo AB
198ac6bfa055ef98,2025-08-15,DevPort AB
198ac6c05a100b1f,2025-08-15,Genova Property Group AB
198ac6c0638287d6,2025-08-15,InCoax Networks AB
198ac6c0733d53bb,2025-08-15,ES Energy Save Holding AB
198ac6c09930e202,2025-08-15,Genova Property Group AB
198ac6c101613198,2025-08-15,TF Bank AB
198ac6c115c23042,2025-08-15,Stora Enso Oyj
198ac6c124644137,2025-08-15,TF Bank AB
198ac6c1435630c8,2025-08-15,InCoax Networks AB
198ac6c151bbb601,2025-08-15,Stora Enso Oyj
198ac6c20a088b3f,2025-08-15,ES Energy Save Holding AB
198ac6c2ce4a9961,2025-08-15,Bure Equity AB
198ac6c65b5a8277,2025-08-15,Bure Equity AB
198ac6cb983ed2ee,2025-08-15,Bure Equity AB
198ac6cd29f5d034,2025-08-15,Bure Equity AB
198ac7ff264ae0c3,2025-08-15,VNV Global AB (publ)
198ac82b004f4975,2025-08-15,SynAct Pharma AB
198ac873e3983eb9,2025-08-15,Investeringsforeningen BankInvest
198ac877bab0417f,2025-08-15,Capnor Weasel Bidco Oyj
198ac877ca4f4968,2025-08-15,Bredband2 i Skandinavien AB
198ac877d34fa5e0,2025-08-15,Viaplay Group AB
198ac877fb3612e9,2025-08-15,Viaplay Group AB
198ac950262096d4,2025-08-15,OptiCept Technologies AB
198aca2b8270b60c,2025-08-15,Binero Group AB
198aca2c12606602,2025-08-15,Rusta AB
198aca2c3d7e3609,2025-08-15,Rusta AB
198acb9a8938d768,2025-08-15,TROPHY GAMES Development A/S
198acb9c0eaaba6c,2025-08-15,Hove A/S
198acbe6b0b8c00d,2025-08-15,Borgo AB
198acc18e0b89a42,2025-08-15,Tivoli A/S
198acc4ad92104ba,2025-08-15,Nasdaq Company News
198acd41c877b031,2025-08-15,Nasdaq Company News
198acd8bd8ef57e6,2025-08-15,Gaming Corps AB
198acd9a6268e9e7,2025-08-15,Aspo
198acde3f3b983fb,2025-08-15,Værdipapirfonden Sparindex
198ace7634fd6768,2025-08-15,Nasdaq Company News
198ace76600ae4ab,2025-08-15,ByggPartner Gruppen AB
198acf52e69248ab,2025-08-15,ExpreS2ion Biotech Holding AB
198acf530c42a356,2025-08-15,Bredband2 i Skandinavien AB
198acf9b85c91f03,2025-08-15,Gapwaves AB
198ad02bf3dc3cd8,2025-08-15,Investeringsselskabet Artha Optimum A/S
198ad02ec7b006e0,2025-08-15,Botnia Gold AB
198ad08a9fbd0872,2025-08-15,DFDS A/S
198ad09f9e1a8406,2025-08-15,DFDS A/S
198ad1adf1fa7ded,2025-08-15,Brd. Klee A/S
198ad23accd3e6bb,2025-08-15,Nasdaq Company News
198ad2424237c16e,2025-08-15,Nasdaq Company News
198ad2c0be1a17a2,2025-08-15,Nokia
198ad2c16a2db223,2025-08-15,Nokia
198ad2c23833f191,2025-08-15,Fodelia Oyj
198ad2c26bf40ec1,2025-08-15,Promimic AB
198ad2c37df4de6a,2025-08-15,HusCompagniet A/S
198ad2c9c4317420,2025-08-15,Tulikivi Corporation
198ad3d22d8e320f,2025-08-15,Djurslands Bank A/S
198ad43526b59573,2025-08-15,Solar A/S
198ad479d454283f,2025-08-15,Baltic Horizon Fund / Northern Horizon Capital
198ad47af08bf4c1,2025-08-15,Baltic Horizon Fund / Northern Horizon Capital
198ad617fd5a35b3,2025-08-15,RISMA Systems A/S
198ad62fad8edaec,2025-08-15,Modulight Oyj
198ad631ed4ee4b5,2025-08-15,Havsfrun Investment AB
198ad631fdf13cd7,2025-08-15,Nasdaq Company News
198ad632258ff45a,2025-08-15,Klarna Holding AB
198ad63e8f0a4562,2025-08-15,Circle Energy Sweden AB
198ad6d5a385ec48,2025-08-15,Nasdaq Company News
198ad70bf00588a5,2025-08-15,Kamux Oyj
198ad70bf1e5c45a,2025-08-15,Kamux Oyj
198ad70ec7f50290,2025-08-15,Stora Enso Oyj
198ad70f340869f9,2025-08-15,Stora Enso Oyj
198ad7550a9f8288,2025-08-15,Kamux Oyj
198ad81440fb47da,2025-08-15,Agtira AB
198ad867cab082db,2025-08-15,SP Group A/S
198ad888cef1fc61,2025-08-15,Bavarian Nordic A/S
198ad8c95bc459f5,2025-08-15,Nasdaq Company News
198ad8d406eaa862,2025-08-15,Nasdaq Company News
198ad8dacd7815ab,2025-08-15,Nasdaq Company News
198ad8e6a023e728,2025-08-15,Carlsberg A/S
198ad8e779a9c276,2025-08-15,Carlsberg A/S
198ada0fbdafe7a7,2025-08-15,Landsbankinn hf.
198ada24115f4ef4,2025-08-15,Dataproces Group A/S
198adb077d3c7c6f,2025-08-15,Nasdaq Company News
198adbe8d232343f,2025-08-15,Circle Energy Sweden AB
198adc323295fea3,2025-08-15,Fragbite Group AB
198add0eca772c3e,2025-08-15,SpectraCure AB
198addbde44ecf30,2025-08-15,Heimar hf.
198ade582d564bc1,2025-08-15,IS Fyrirtækjalánasjóður hs.
198ade6058cfcbc3,2025-08-15,Nasdaq Company News
198ade64ed41cab5,2025-08-15,Nasdaq Company News
198ade69bbc7fe9a,2025-08-15,Nasdaq Company News
198ade70342bbeec,2025-08-15,Nasdaq Company News
198ade7479ce4fce,2025-08-15,Nasdaq Company News
198ade798afc4221,2025-08-15,Nasdaq Company News
198ade7f042300f7,2025-08-15,Nasdaq Company News
198ade84bf7879f9,2025-08-15,Nasdaq Company News
198ade8a4a62940b,2025-08-15,Nasdaq Company News
198ade8f4476428e,2025-08-15,Nasdaq Company News
198ade94333ca6a5,2025-08-15,Nasdaq Company News
198ade992165bd6c,2025-08-15,Nasdaq Company News
198adea67d772906,2025-08-15,Nasdaq Company News
198adeacddb3ba96,2025-08-15,Nasdaq Company News
198adf5902937bd4,2025-08-15,TalkPool AG
198ae07c99429292,2025-08-15,Nokia
198ae07ca2af4c6e,2025-08-15,Nokia
198ae07ca2dffc02,2025-08-15,Nokia
198ae07dc8dc1257,2025-08-15,AstraZeneca PLC
198ae0c75a84a201,2025-08-15,Baltic Horizon Fund / Northern Horizon Capital
198ae0c8cb17235b,2025-08-15,Baltic Horizon Fund / Northern Horizon Capital
198ae3a276acb71e,2025-08-15,GRANGEX AB
198ae3ebbd4fa57b,2025-08-15,Röko AB
198ae4c73d5d4151,2025-08-15,Ress Life Investments A/S
198ae505abbc5672,2025-08-15,RISMA Systems A/S
198ae5a2f0e6d8dd,2025-08-15,Vaisala
198ae5a3bffddc78,2025-08-15,United Bankers Oyj
198ae5a48aa3992a,2025-08-15,Alma Media
198ae5a48ecbe240,2025-08-15,Alma Media
198ae5a4b9594325,2025-08-15,Fiskars Corporation
198ae5a558e8536e,2025-08-15,Fiskars Oyj Abp
198ae5a9778badbd,2025-08-15,Fiskars Corporation
198ae680578fde1b,2025-08-15,SpectrumOne AB
198ae75c2e3f9e54,2025-08-15,Kemira Oyj
198ae75ce0309f49,2025-08-15,Kemira Oyj
198ae762c95b0ec5,2025-08-15,Kemira Oyj
198ae8c8f1b697d7,2025-08-15,Ascelia Pharma AB
198ae95910b433f1,2025-08-15,Fly Play hf.
198aeb87cccc29fe,2025-08-15,TalkPool AG
198aec811c3516ff,2025-08-15,Nasdaq Company News
198aeca3cb38896c,2025-08-15,Nasdaq Company News
198aeca8d5a8111b,2025-08-15,Nasdaq Company News
198aecadbe7827b5,2025-08-15,Nasdaq Company News
198aece49a06aa29,2025-08-15,Nasdaq Company News
198aece8ebe4b1f8,2025-08-15,Nasdaq Company News
198aecee9085593c,2025-08-15,Nasdaq Company News
198aecf9c1a53875,2025-08-15,Nasdaq Company News
198af36013fd1dad,2025-08-15,Nordea Bank Abp
198af360631e2bed,2025-08-15,Nordea Bank Oyj
198af360e99f5669,2025-08-15,Nordea Bank Abp
198af3655cebc133,2025-08-15,Nordea
198af87d9e0687ab,2025-08-15,John Bean Technologies Corporation
198af9df716495c0,2025-08-15,Novo Nordisk A/S
198afa0ba79278bc,2025-08-15,Novo Nordisk
198afa3c68f2fa9e,2025-08-15,Leading Edge Materials Corp.
198afa8e2745b7e5,2025-08-15,Alvotech
198afa8e54a5430e,2025-08-15,Alvotech
198afbd367405566,2025-08-15,ALK
198afbd3962df859,2025-08-15,ALK
198b1e9dd0166d18,2025-08-16,Digitalist Group Plc
198bb55c59846764,2025-08-18,YIT
198bb55c5b9dbe10,2025-08-18,YIT
198bb7e67a421395,2025-08-18,FOM Technologies A/S
198bb8c7cf64d462,2025-08-18,Neola Medical AB
198bb8cb00000902,2025-08-18,Formpipe
198bb8cb64441d2b,2025-08-18,Pihlajalinna Oyj
198bb8cc17953649,2025-08-18,Formpipe
198bb8cc5746e4f1,2025-08-18,Pihlajalinna Oyj
198bba40344d7e77,2025-08-18,City Gross
198bba7f61ca297a,2025-08-18,Sampo
198bba7f8eb54389,2025-08-18,Asuntosalkku Oyj
198bba7f9270a0e0,2025-08-18,Witted Megacorp Oyj
198bba7fda4f4ba8,2025-08-18,Koskisen Oyj
198bba801aed0da5,2025-08-18,Lemonsoft Oyj
198bba82d8745870,2025-08-18,Scandic Hotels Group AB
198bba83530ee2bf,2025-08-18,Scandic Hotels Group AB
198bba83861e39c5,2025-08-18,Aallon Group Oyj
198bbac8709412c1,2025-08-18,Svolder AB
198bbb26586dd193,2025-08-18,Skjern Bank A/S
198bbc36d828bab9,2025-08-18,Svea Bank AB
198bbc36de67bb2a,2025-08-18,Faron Pharmaceuticals Oy
198bbc3724d579d3,2025-08-18,Aonic AB (publ)
198bbc37297bfe37,2025-08-18,ASSA ABLOY AB
198bbc373cf6e2e7,2025-08-18,VEF AB
198bbc3748372c0a,2025-08-18,Aonic AB (publ)
198bbc37c876e045,2025-08-18,Aonic AB (publ)
198bbc383b28d15c,2025-08-18,Nitro Games Oyj
198bbc3d4b36e3f6,2025-08-18,Embracer Group
198bbc3ea21e8def,2025-08-18,Aspo
198bbc3eddd75db2,2025-08-18,Asmodee Group AB
198bbc3ee1800052,2025-08-18,Nokian Panimo Oyj
198bbc3f15c45292,2025-08-18,Wall to Wall Group AB
198bbc3f176bda4b,2025-08-18,Pamica Group AB
198bbc3f993ce265,2025-08-18,ASSA ABLOY AB
198bbc3fa10249e3,2025-08-18,Embracer Group AB
198bbc41b7a8d85c,2025-08-18,Nasdaq Company News
198bbc42a5195609,2025-08-18,ASSA ABLOY
198bbc4ab02be8a0,2025-08-18,Asmodee Group AB
198bbceaa715623e,2025-08-18,Nasdaq Company News
198bbd123cccb544,2025-08-18,Berner Industrier AB
198bbdee1e78e0ad,2025-08-18,Lifeclean International AB
198bbdee3549af69,2025-08-18,Egetis Therapeutics AB
198bbdee3f7a50e8,2025-08-18,ChargePanel AB
198bbdee48bb305b,2025-08-18,INVISIO AB
198bbdeeb2b2aabd,2025-08-18,Truecaller AB
198bbdeeb3b6ccb0,2025-08-18,Detection Technology Oyj
198bbdeef3d91724,2025-08-18,Truecaller AB
198bbdef201f0413,2025-08-18,Detection Technology Oyj
198bbdef372cf827,2025-08-18,Crunchfish AB
198bbe54a5a93cb0,2025-08-18,Diadrom Holding AB
198bbec992d0ef0a,2025-08-18,Siili Solutions Oyj
198bbecac4616ada,2025-08-18,Asetek A/S
198bbef5a9d55cc6,2025-08-18,Totalkredit A/S
198bbef5f4571fbd,2025-08-18,Nykredit Realkredit A/S
198bbf294a0c5582,2025-08-18,Ringkjøbing Landbobank A/S
198bbf2dfb175ee5,2025-08-18,Jyske Realkredit A/S
198bbf7996044345,2025-08-18,Jyske Bank A/S
198bbf96b2f5ab7d,2025-08-18,Eltel AB
198bbfa559cd0d99,2025-08-18,Bilia AB
198bbfa58f908044,2025-08-18,Investeringsforeningen BankInvest
198bbfa5c968db5a,2025-08-18,Kambi Group Plc
198bbfa66dcf2f42,2025-08-18,Tokmanni Group Oyj
198bbfa67cdb4195,2025-08-18,Bilia
198bbfa6ab7f738e,2025-08-18,Evolution AB
198bbfa6ab938354,2025-08-18,YIT
198bbfa6ca695eb3,2025-08-18,Evolution AB
198bbfa71bfeb90f,2025-08-18,Tokmanni Group Oyj
198bbfa758200e0d,2025-08-18,YIT
198bbfaef6f6b8a7,2025-08-18,Evolution
198bbfd83a46149e,2025-08-18,Sparekassen Sjælland-Fyn A/S
198bc0313a474bea,2025-08-18,Jyske Bank
198bc039b0f03d27,2025-08-18,WindowMaster International A/S
198bc06ea83218c9,2025-08-18,MT Højgaard Holding A/S
198bc07c44ae897f,2025-08-18,Columbus A/S
198bc08646a49925,2025-08-18,Sinch AB (publ)
198bc0bdaa3fc2d8,2025-08-18,NORDEN
198bc0bdc88783b4,2025-08-18,NORDEN
198bc15cef1ea0b9,2025-08-18,Clavister AB
198bc15da25b02cb,2025-08-18,Alm. Brand A/S
198bc19f1225b4ff,2025-08-18,Værdipapirfonden Independent Invest
198bc1c169cb4d64,2025-08-18,Avida Finans AB
198bc1c19df575e7,2025-08-18,Avida Finans AB
198bc1f52944fddc,2025-08-18,Essity AB
198bc1f53ae30773,2025-08-18,Essity AB
198bc1f5c943247a,2025-08-18,Værdipapirfonden Independent Invest II
198bc1fa40816a11,2025-08-18,Essity
198bc239f10a9681,2025-08-18,Glaston Oyj Abp
198bc23a4ee25a08,2025-08-18,Glaston Oyj Abp
198bc2cf624cc2a7,2025-08-18,A.P. Møller - Mærsk A/S
198bc306feac3047,2025-08-18,DLR Kredit A/S
198bc307d962bc37,2025-08-18,Nasdaq Company News
198bc3146225de22,2025-08-18,Hilbert Group AB
198bc31473598038,2025-08-18,International Petroleum Corporation
198bc31497a95d23,2025-08-18,Kambi Group Plc
198bc3157cca0ae0,2025-08-18,Danske Bank A/S
198bc317031e7d48,2025-08-18,Arctic Minerals AB
198bc33311b7272f,2025-08-18,Sydbank A/S
198bc3501550d0fb,2025-08-18,Globenewswire
198bc3501d113fd2,2025-08-18,Globenewswire
198bc3a6ffe74fe1,2025-08-18,Karnell Group AB
198bc3b5f776a704,2025-08-18,SÍL hs.
198bc3b7d4a9f842,2025-08-18,Danske Bank Subscription Service
198bc3f0b3a24f7a,2025-08-18,Canatu Oyj
198bc40458cb0f6e,2025-08-18,Eastnine AB
198bc4045f0cb2ae,2025-08-18,Eastnine AB
198bc49d7399e2be,2025-08-18,Fingerprint Cards AB
198bc4cbd58739bd,2025-08-18,Kaldalón hf.
198bc4cc2b919216,2025-08-18,KlaraBo Sverige AB
198bc4cd557e5e64,2025-08-18,Titanium Oyj
198bc4d844c38aca,2025-08-18,Festi hf.
198bc51733215d2d,2025-08-18,Freja eID Group AB
198bc57cfd931d44,2025-08-18,Realkredit Danmark A/S
198bc5a7e7402083,2025-08-18,Heimar hf.
198bc5f110e60dce,2025-08-18,Íslandsbanki hf.
198bc5f348dc61d7,2025-08-18,Boliden AB
198bc5f39df08888,2025-08-18,Boliden AB
198bc601bd176cad,2025-08-18,Boliden AB alerting service
198bc675217638e4,2025-08-18,Matas A/S
198bc685e1aa73c4,2025-08-18,EQL Pharma AB
198bc685e3339a59,2025-08-18,EQL Pharma AB
198bc68cfec2b480,2025-08-18,Electrolux Group
198bc6b66ac9a1bf,2025-08-18,Sparinvest
198bc6cea8372d34,2025-08-18,Værdipapirfonden Sparindex
198bc6ee2b05e93e,2025-08-18,Hagar hf.
198bc6f115761eab,2025-08-18,Nasdaq Company News
198bc7071f6ae4bf,2025-08-18,Acarix AB
198bc73a6aeb1b50,2025-08-18,Per Aarsleff Holding A/S
198bc75f0c2bd7f3,2025-08-18,4C Group AB
198bc75f291ef320,2025-08-18,NanoEcho AB
198bc79d6aaa02e7,2025-08-18,Nasdaq Company News
198bc79fbd5f5e59,2025-08-18,Nova Klúbburinn hf.
198bc804a9b45f64,2025-08-18,Nasdaq Company News
198bc80cda243569,2025-08-18,Djurslands Bank A/S
198bc84397e617e8,2025-08-18,DonkeyRepublic Holding A/S
198bc933dff30cfd,2025-08-18,Enersize Oyj
198bc95c02f2359b,2025-08-18,Kreditbanken A/S
198bc9f2a2cb2726,2025-08-18,Netum Group Oyj
198bc9f6ab17c498,2025-08-18,Fastighets AB Stenvalvet
198bcb6b3095b3cb,2025-08-18,Nordic LEVEL Group AB
198bcba98ec8d78b,2025-08-18,Kaldalón hf.
198bcc1e152d4410,2025-08-18,ISS A/S
198bcca393b127e4,2025-08-18,Værdipapirfonden Sparindex
198bccaa2f4a2d2a,2025-08-18,Sparinvest
198bccbf20d8df3b,2025-08-18,Nasdaq Company News
198bcd64c59dd93b,2025-08-18,Orthex Oyj
198bcd64dba54c50,2025-08-18,Intervacc AB
198bcd65115ded9e,2025-08-18,Orthex Oyj
198bcd6514f70714,2025-08-18,Intervacc AB
198bcd653b6d43f7,2025-08-18,Metso Corporation
198bcd65c21f14fc,2025-08-18,Metso Corporation
198bcd6b6aab8399,2025-08-18,Metso Corporation
198bce5a2c4bc3b9,2025-08-18,BeammWave AB
198bceecab4fafd5,2025-08-18,Circle Energy Sweden AB
198bcf14ca9637f4,2025-08-18,Lån & Spar Bank A/S
198bcf250017d75f,2025-08-18,Government Debt Management
198bcf9d4ce3397c,2025-08-18,DLR Kredit A/S
198bd0d01eca0db7,2025-08-18,Hemnet Group AB
198bd0d052dc411a,2025-08-18,Knowit AB
198bd0d0ca52a3fb,2025-08-18,Hemnet Group
198bd0d11c6ce5fc,2025-08-18,Aktieselskabet Schouw & Co.
198bd0d16f2e3fa4,2025-08-18,SAAB AB
198bd0d1d8f806da,2025-08-18,SAAB AB
198bd12811c17188,2025-08-18,Heeros Plc
198bd12f074c53f5,2025-08-18,Nasdaq Company News
198bd1dcc53165e9,2025-08-18,Nasdaq Company News
198bd246dd3bfeaf,2025-08-18,Cell Impact AB
198bd246e6d13c92,2025-08-18,Cell Impact AB
198bd31b4f00c738,2025-08-18,Enity Holding AB
198bd43f4de3656f,2025-08-18,Nimbus Group AB
198bd43f58583fd7,2025-08-18,Trelleborg AB
198bd4818909c4ed,2025-08-18,Nasdaq Company News
198bd49188fcfbe1,2025-08-18,Nasdaq Company News
198bd4a1851662ea,2025-08-18,Nasdaq Company News
198bd4a99424949d,2025-08-18,Investeringsforeningen IA Invest
198bd4af69fa7073,2025-08-18,Pandora A/S
198bd4c0e62cc3a2,2025-08-18,Nasdaq Company News
198bd4dc228b12e1,2025-08-18,Nasdaq Company News
198bd4fc0cb3525a,2025-08-18,Nasdaq Company News
198bd50e51e004d2,2025-08-18,Nasdaq Company News
198bd525fd91816f,2025-08-18,Nasdaq Company News
198bd5388a08d040,2025-08-18,Nasdaq Company News
198bd54d14ab6cfb,2025-08-18,Nasdaq Company News
198bd55f6cbd6bd9,2025-08-18,Nasdaq Company News
198bd5740633dd74,2025-08-18,Nasdaq Company News
198bd5c831c5b762,2025-08-18,Greater Than AB
198bd5c89ff752a7,2025-08-18,Greater Than AB
198bd5f84f744a2b,2025-08-18,Kinda Brave Entertainment Group AB
198bd6041b769897,2025-08-18,"Latour, Investmentab."
198bd60442bb8f4e,2025-08-18,"Latour, Investmentab."
198bd60be9144b09,2025-08-18,Investment AB Latour
198bd64956a62a63,2025-08-18,Nasdaq Company News
198bd6d1d4490627,2025-08-18,Nasdaq Company News
198bd7009519b73a,2025-08-18,Royal UNIBREW A/S
198bd7ae0febf359,2025-08-18,Paxman AB
198bd7b07ad03a42,2025-08-18,AstraZeneca PLC
198bd7ee6ae8efa8,2025-08-18,Nasdaq Company News
198bd7f6e1bce6e1,2025-08-18,Midsummer AB
198bd83cfb551b67,2025-08-18,Nasdaq Company News
198bd8ee1e184dd3,2025-08-18,HMS Networks AB
198bd8fe4fcf9701,2025-08-18,HMS Networks AB
198bd967d7bb2a69,2025-08-18,Nasdaq Company News
198bda422181167e,2025-08-18,Baltic Horizon Fund / Northern Horizon Capital
198bda4427b34ec7,2025-08-18,Baltic Horizon Fund / Northern Horizon Capital
198bdad39413ea5b,2025-08-18,RanLOS AB
198bdb1c80d408b3,2025-08-18,DistIT AB
198bdb1fd8c496d9,2025-08-18,Embla Medical hf
198bdca8d55c2fb6,2025-08-18,Netum Group Oyj
198bdcd4553091ec,2025-08-18,Vaisala
198bdcd4f86a4692,2025-08-18,United Bankers Oyj
198bdcd72e3de443,2025-08-18,Fiskars Corporation
198bdcd792606f34,2025-08-18,Alma Media
198bdcd7b8174808,2025-08-18,Alma Media
198bdcd7fbb76333,2025-08-18,Fiskars Oyj Abp
198bdcdc302783c4,2025-08-18,Fiskars Corporation
198bddb399406845,2025-08-18,EQT AB
198bddb3d236198f,2025-08-18,EQT AB
198bddbab74a8a74,2025-08-18,EQT
198bde8bde695fe2,2025-08-18,Enea AB
198bde8be4df57f4,2025-08-18,BICO Group AB
198bde8c7966e9fc,2025-08-18,KEYTO Group AB
198bde8ef15996f8,2025-08-18,Fastighets AB Balder
198bde8f125cfc59,2025-08-18,Fastighets AB Balder
198bde8f54b75983,2025-08-18,Kemira Oyj
198bde8f6583e503,2025-08-18,Kemira Oyj
198bde92d3688929,2025-08-18,Fastighets AB Balder
198bde979b55b47f,2025-08-18,Kemira Oyj
198bdecadb0b9f7d,2025-08-18,Reitir fasteignafélag hf.
198bdff9ed976079,2025-08-18,Cantargia AB
198be27f56bf8972,2025-08-18,Nasdaq Company News
198be2a3dd245855,2025-08-18,Nasdaq Company News
198be2cfd168179a,2025-08-18,Nasdaq Company News
198be2ed1a58bc42,2025-08-18,Nasdaq Company News
198be3113f11ba15,2025-08-18,Nasdaq Company News
198be42d4f6bc5c5,2025-08-18,Nasdaq Company News
198be46421d125e6,2025-08-18,Nasdaq Company News
198be4779333bfb5,2025-08-18,Nasdaq Company News
198be489a2f36012,2025-08-18,Nasdaq Company News
198be5fc055e403f,2025-08-18,Careium AB
198be696d3b0cbb5,2025-08-18,Sparc Group AB (publ)
198be7dd944724a9,2025-08-18,PION Group AB
198be92c27423e0b,2025-08-18,Q-Interline A/S
198bea920ced6356,2025-08-18,Nordea Bank Abp
198bea926f282c76,2025-08-18,Nordea Bank Oyj
198bea939f136095,2025-08-18,Nordea Bank Abp
198bea984f9e1f0b,2025-08-18,Nordea
198beda7321b3a40,2025-08-18,Hotel Fast SSE AB
198bee1c725ce632,2025-08-18,Hotel Fast SSE AB
198befb22357848e,2025-08-18,John Bean Technologies Corporation
198bf309a3ac3d93,2025-08-18,ALK
198bf3236f2db5bf,2025-08-18,Alvotech
198bf325bd5be7eb,2025-08-18,Flat Capital AB
198c0a5565f441f6,2025-08-19,Starbreeze AB
198c0b116875ed85,2025-08-19,Trifork Group AG
198c0b2dad8fae9a,2025-08-19,Idun Industrier AB
198c0b2e2413cc30,2025-08-19,Witted Megacorp Oyj
198c0b2e7e2ff059,2025-08-19,BICO Group AB
198c0b2f550b55f8,2025-08-19,Netum Group Oyj
198c0b30daf9a152,2025-08-19,Ambea AB
198c0b30f50c70a6,2025-08-19,Trifork Group AG
198c0b316231e046,2025-08-19,Tietoevry
198c0b316625e4db,2025-08-19,Ambea AB
198c0b316c0aac51,2025-08-19,OssDsign AB
198c0b318d0f610a,2025-08-19,PION Group AB
198c0b32030b6df0,2025-08-19,OssDsign AB
198c0b32244c4f76,2025-08-19,Tietoevry
198c0b4aaf54222e,2025-08-19,Witted Megacorp Oyj
198c0ce4d7fa6bae,2025-08-19,Witted Megacorp Oyj
198c0ce526ff3bf6,2025-08-19,Lemonsoft Oyj
198c0ce537cac596,2025-08-19,Asuntosalkku Oyj
198c0ce5546730a2,2025-08-19,Scandinavian Enviro Systems AB
198c0ce58865e62a,2025-08-19,Teneo AI AB
198c0ce5bfd5fbeb,2025-08-19,Maha Capital AB
198c0ce5f4af80d1,2025-08-19,Ovaro Kiinteistösijoitus Oyj
198c0ce61fe3a119,2025-08-19,Sampo
198c0ce67ab9436f,2025-08-19,Ferroamp AB
198c0ce7f21cdf87,2025-08-19,Skanska AB
198c0ce7f6ccc4ef,2025-08-19,Skanska AB
198c0ce8f921a3e5,2025-08-19,Bahnhof AB
198c0cebe7476e42,2025-08-19,Coloplast A/S
198c0d19e81c3a6a,2025-08-19,Coloplast A/S
198c0d41e71dd5eb,2025-08-19,Jyske Bank A/S
198c0d550898669d,2025-08-19,Jyske Bank A/S
198c0d7418df8f68,2025-08-19,Jyske Realkredit A/S
198c0dc46ce9da6a,2025-08-19,Nasdaq Company News
198c0dde7a417adb,2025-08-19,Jyske Bank
198c0e9cb925889f,2025-08-19,Eolus Aktiebolag
198c0e9cc21f8c35,2025-08-19,Faron Pharmaceuticals Oy
198c0e9cd38ac6c0,2025-08-19,Spotr Group AB
198c0e9cd46a364d,2025-08-19,Nasdaq Company News
198c0e9cf2d52558,2025-08-19,Terranet AB
198c0e9d33bf91d8,2025-08-19,Kontigo Care AB
198c0e9d52326a62,2025-08-19,Nasdaq Company News
198c0e9fcdbe5ab4,2025-08-19,Attendo AB
198c0e9fee5ba7be,2025-08-19,Nasdaq Company News
198c0ea0047282c3,2025-08-19,Nasdaq Company News
198c0ea01acb8174,2025-08-19,Attendo AB
198c0ea06bd1c52d,2025-08-19,DevPort AB
198c0ea07e7735d0,2025-08-19,Wetteri Plc
198c0ea0a822fbcd,2025-08-19,NCC AB
198c0ea0b2999e13,2025-08-19,Scibase Holding AB
198c0ea0c1c9bb7a,2025-08-19,NCC AB
198c0ea0d8f8acac,2025-08-19,Wetteri Plc
198c0ea0e36f0eaf,2025-08-19,Annehem Fastigheter AB (publ)
198c0ea0f43503af,2025-08-19,Sweden BuyersClub AB
198c0ea186001ec8,2025-08-19,Scibase Holding AB
198c0eb375563191,2025-08-19,MT Højgaard Holding A/S
198c0f0320f4a124,2025-08-19,XSpray Pharma AB
198c0f78b4716508,2025-08-19,Gofore Oyj
198c0f79187a9ee1,2025-08-19,Byggmästare Anders J Ahlström Holding AB
198c0f7c0794bc5f,2025-08-19,Nordea Bank Abp
198c0f7c53e9b1b2,2025-08-19,Formpipe
198c0f7c9658a339,2025-08-19,Nordea Bank Oyj
198c0f7cd71f637e,2025-08-19,Formpipe
198c0f7d96ac7883,2025-08-19,Nordea Bank Abp
198c0f84a56a5df6,2025-08-19,Nordea
198c1053db8b5dd8,2025-08-19,BeammWave AB
198c105408070291,2025-08-19,Chordate Medical Holding AB
198c105410a18b78,2025-08-19,Nasdaq Company News
198c105752aa85b8,2025-08-19,Nasdaq Company News
198c1057ccd59a72,2025-08-19,InCoax Networks AB
198c1057ec18d2b2,2025-08-19,InCoax Networks AB
198c1059394ff7ef,2025-08-19,"Latour, Investmentab."
198c10599439dc58,2025-08-19,"Latour, Investmentab."
198c105b025e4dbe,2025-08-19,Investment AB Latour
198c1074e51e87f9,2025-08-19,Gentoo Media Inc.
198c10e624327f37,2025-08-19,Qiiwi Games AB
198c120b41a8f121,2025-08-19,Bioextrax AB
198c120c6059e385,2025-08-19,Mildef Group AB
198c120c79aa7f4f,2025-08-19,Mildef Group AB
198c120cbd77e852,2025-08-19,Solwers Oyj
198c120cf18aefca,2025-08-19,Solwers Oyj
198c120cff599632,2025-08-19,Tokmanni Group Oyj
198c120d47c47afd,2025-08-19,Tokmanni Group Oyj
198c1212c10b374e,2025-08-19,Alfa Laval
198c135ce0a38deb,2025-08-19,NORDEN
198c135dbedb3348,2025-08-19,NORDEN
198c13c2775c861d,2025-08-19,Nasdaq Company News
198c13c358f73c72,2025-08-19,Irisity AB
198c13c3b0f00010,2025-08-19,Irisity AB
198c13c94a3f0627,2025-08-19,AGF A/S
198c140af984b3a4,2025-08-19,Q-Interline A/S
198c157a3a3e2d19,2025-08-19,AlzeCure Pharma AB
198c15bd987fdbd7,2025-08-19,NORDEN
198c15e0372538f6,2025-08-19,Nordfyns Bank A/S
198c16559c1fa53b,2025-08-19,Nasdaq Company News
198c1655d32e3e72,2025-08-19,Bioextrax AB
198c16564bcad741,2025-08-19,Endomines Finland Oyj
198c165663685438,2025-08-19,Endomines Finland Oyj
198c16568553857e,2025-08-19,Endomines Finland Oyj
198c1664aced83da,2025-08-19,Endomines Finland Oyj
198c1664c24cc0c0,2025-08-19,Endomines Finland Oyj
198c1717b3b9f9e8,2025-08-19,Nasdaq Company News
198c173163b82d25,2025-08-19,Sozap AB
198c17319b18a06e,2025-08-19,TagMaster AB
198c1734d638547b,2025-08-19,Asetek A/S
198c17388856d498,2025-08-19,Metsä Board Oyj
198c17c410cb9f06,2025-08-19,Immunovia AB
198c17c5ab73ec87,2025-08-19,Nitro Games Oyj
198c17db60a973cc,2025-08-19,Pricer AB
198c17dbdba1164d,2025-08-19,Pricer AB
198c180dd90e1dba,2025-08-19,Canatu Oyj
198c189cdf2e9f6f,2025-08-19,SP Group A/S
198c18f1e1793f70,2025-08-19,K-ryhmä
198c1a70fd7dfec0,2025-08-19,Pandora A/S
198c1aea2f250a50,2025-08-19,Lagercrantz Group AB
198c1bd335503a84,2025-08-19,SP Group A/S
198c1c586ab098b2,2025-08-19,Ecoup Oyj
198c1cea9faf3f64,2025-08-19,Movinn A/S
198c1d361724847a,2025-08-19,SRV Yhtiöt Oyj
198c1d366f2002c3,2025-08-19,SRV Yhtiöt Oyj
198c1d93d65a0fa8,2025-08-19,Admicom Oyj
198c1e9a8cf81442,2025-08-19,Nasdaq Company News
198c1f79f1ac6fb1,2025-08-19,Nasdaq Company News
198c1fc6a1b2a0b1,2025-08-19,ZetaDisplay AB (publ)
198c20ef91939f34,2025-08-19,H+H International A/S
198c2107e43ba93a,2025-08-19,AGF A/S
198c214a98d32f02,2025-08-19,Jyske Bank A/S
198c217e7d5ebbfd,2025-08-19,Nosa Plugs AB
198c2189feafbc7f,2025-08-19,Jyske Realkredit A/S
198c21c79707a00a,2025-08-19,New Wave Group AB
198c21e702902bf3,2025-08-19,Novo Nordisk A/S
198c2227ba9108b3,2025-08-19,BAYPORT INTERMEDIATE HOLDCO PLC
198c222fc48cf587,2025-08-19,Novo Nordisk
198c2285a336b8fa,2025-08-19,Nasdaq Company News
198c22864a7e5aba,2025-08-19,Gofore Oyj
198c233603d4a80d,2025-08-19,Flerie AB
198c233606b1acec,2025-08-19,ByggPartner Gruppen AB
198c237f02cb19af,2025-08-19,Xintela AB
198c23e4403d612a,2025-08-19,Dataproces Group A/S
198c248e90d64de0,2025-08-19,Investeringsforeningen Carnegie Wealth Management
198c249205c472be,2025-08-19,Prime Office A/S
198c24ee59fc8f59,2025-08-19,Matas A/S
198c24f22a5bbacc,2025-08-19,Digitalist Group Plc
198c253a6ac1c98d,2025-08-19,Nasdaq Company News
198c26217db8a3ac,2025-08-19,Nasdaq Company News
198c2633a8f32b7d,2025-08-19,Nasdaq Company News
198c2639f02e524b,2025-08-19,Nasdaq Company News
198c2645d5cc84f3,2025-08-19,Nasdaq Company News
198c2647e87f2ef5,2025-08-19,Nasdaq Company News
198c264f3394e1ac,2025-08-19,Nasdaq Company News
198c26569678dd7f,2025-08-19,Nasdaq Company News
198c265bdfdd8da1,2025-08-19,Nasdaq Company News
198c266409b65fe7,2025-08-19,Nasdaq Company News
198c26ee3660784f,2025-08-19,Egetis Therapeutics AB
198c271bb25af6c0,2025-08-19,TROPHY GAMES Development A/S
198c279c1d3b07f7,2025-08-19,SP Group A/S
198c2931f3dc20a7,2025-08-19,Coloplast A/S
198c2a15eef4532a,2025-08-19,Havsfrun Investment AB
198c2a3755b3c2cd,2025-08-19,Nasdaq Company News
198c2a5cd0780dfd,2025-08-19,WithSecure Oyj
198c2a6dff9e5119,2025-08-19,Coloplast Finance B.V.
198c2ae19ea9bf3b,2025-08-19,Nasdaq Company News
198c2be9d84b88a4,2025-08-19,NetJobs Group AB
198c2beb01a22682,2025-08-19,Axfood
198c2d0ea9a4ea12,2025-08-19,Nasdaq Company News
198c2dac636900af,2025-08-19,Alda Credit Fund slhf.
198c2e41129707fa,2025-08-19,Upsales Technology AB
198c2e61247536ce,2025-08-19,Nasdaq Company News
198c2e8cffc08c3a,2025-08-19,Landsvirkjun
198c2e8e18640964,2025-08-19,Nasdaq Company News
198c2e90f03eee46,2025-08-19,Nasdaq Company News
198c2e96124a57cb,2025-08-19,Nasdaq Company News
198c2e9b31b28962,2025-08-19,Nasdaq Company News
198c2eabbaf02285,2025-08-19,Nasdaq Company News
198c2f39a224ea25,2025-08-19,Vaisala
198c2f3a4a779d94,2025-08-19,Enersense International Oyj
198c2f3a9c6fe5c5,2025-08-19,United Bankers Oyj
198c2f3c748c74af,2025-08-19,Fiskars Corporation
198c2f3c9ce19da2,2025-08-19,Alma Media
198c2f3c9d350915,2025-08-19,Alma Media
198c2f3d00eaa959,2025-08-19,Tokmanni Group Oyj
198c2f3d13b99bcb,2025-08-19,Fiskars Oyj Abp
198c2f3d13efb5c4,2025-08-19,Tokmanni Group Oyj
198c2f410a15f94f,2025-08-19,Fiskars Corporation
198c3015745557b7,2025-08-19,Icelandic Salmon AS
198c3077a8cf7c73,2025-08-19,TCM Group A/S
198c307d4847bced,2025-08-19,Síminn hf.
198c30c383180130,2025-08-19,TCM Group A/S
198c30f488d76843,2025-08-19,Kemira Oyj
198c30f4ded328a3,2025-08-19,Kemira Oyj
198c30fb0ef0d2a9,2025-08-19,Kemira Oyj
198c313d4794b206,2025-08-19,LN Future Invest AB
198c31e6e90c8938,2025-08-19,Landsbankinn hf.
198c31feed03bd61,2025-08-19,Eimskipafélag Íslands hf.
198c32191601924f,2025-08-19,LN Future Invest AB
198c34651f64bd8f,2025-08-19,Nordea Bank Oyj
198c34653d872257,2025-08-19,Nordea Bank Abp
198c3465bcf42666,2025-08-19,Nordea Bank Abp
198c346d71a19551,2025-08-19,Nordea
198c36f701a069f8,2025-08-19,Nasdaq Company News
198c3711299d8246,2025-08-19,Nasdaq Company News
198c37165d821445,2025-08-19,Nasdaq Company News
198c371ada4e8c51,2025-08-19,Nasdaq Company News
198c371fd4be0638,2025-08-19,Nasdaq Company News
198c3725fa2033b9,2025-08-19,Digitalist Group Plc
198c37cf5d1c69a9,2025-08-19,Realfiction Holding AB
198c3cf759a00736,2025-08-19,Nordea Bank Oyj
198c3cf79cd2c7d2,2025-08-19,Nordea Bank Abp
198c3cf8a8c802b9,2025-08-19,Nordea Bank Abp
198c3cfccc3fdcda,2025-08-19,Nordea
198c3dad4906e1ce,2025-08-19,Google Cloud
198c4218772ea2e9,2025-08-19,John Bean Technologies Corporation
198c44b1a3634073,2025-08-19,Alvotech
198c44ba3eac7799,2025-08-19,ALK
198c5be8e73697b4,2025-08-20,Nokia  Services
198c5d9383f4a059,2025-08-20,BrightBid Group AB
198c5d938fef9af9,2025-08-20,High Coast Distillery AB
198c5d9497d770ae,2025-08-20,Paxman AB
198c5d960b6750b6,2025-08-20,BEWI ASA
198c5e7120d37587,2025-08-20,Betolar Oyj
198c5e712c1a2146,2025-08-20,Betolar Oyj
198c5f4a870e9a27,2025-08-20,Witted Megacorp Oyj
198c5f4b01ed4a2a,2025-08-20,Investors House Oyj
198c5f4b5698dd70,2025-08-20,Asuntosalkku Oyj
198c5f4b62d5e60a,2025-08-20,DFDS A/S
198c5f4b76cb4d70,2025-08-20,Sampo
198c5f4b9f895770,2025-08-20,Sveafastigheter AB (publ)
198c5f4bd0cc23b0,2025-08-20,Lemonsoft Oyj
198c5f4bd5062fb9,2025-08-20,SenzaGen AB
198c5f4c3d250600,2025-08-20,Investors House Oyj
198c5f4d2a503ed1,2025-08-20,SynAct Pharma AB
198c5f5305227fc2,2025-08-20,DFDS A/S
198c5f9281db32e3,2025-08-20,FLSmidth & Co. A/S
198c5f941b6baaea,2025-08-20,DFDS A/S
198c5f9c147603ff,2025-08-20,DFDS A/S
198c5faa7fa3eeda,2025-08-20,FLSmidth
198c6026ce364f3f,2025-08-20,Investors House Oyj
198c6026ece6e6fb,2025-08-20,Cheffelo AB
198c6029327078bc,2025-08-20,Fortum
198c60294f5d6ed4,2025-08-20,Fortum
198c60296a973784,2025-08-20,Fortum
198c6029b0d53568,2025-08-20,Fortum
198c6029d0e30b6a,2025-08-20,Fortum
198c6029d7bfe409,2025-08-20,Fortum
198c602a5abfb56d,2025-08-20,Fortum
198c602a9503ac3d,2025-08-20,Fortum
198c602aafe61ca6,2025-08-20,Fortum
198c602aca3721c5,2025-08-20,Fortum
198c602acea949d2,2025-08-20,Fortum
198c602b33372e08,2025-08-20,Fortum
198c602bb2e9beac,2025-08-20,Fortum
198c602bba08fefb,2025-08-20,Fortum
198c602bd7eac749,2025-08-20,Fortum
198c602c7ef9bcbc,2025-08-20,Fortum
198c60300c399f28,2025-08-20,Fortum
198c603026c86087,2025-08-20,Fortum
198c6030299d1fb8,2025-08-20,Fortum
198c60303c9ed499,2025-08-20,Fortum
198c60334f3c9645,2025-08-20,Fortum
198c6033875ed02b,2025-08-20,Fortum
198c60338771bdc7,2025-08-20,Fortum
198c6033fc7e1abe,2025-08-20,Fortum
198c610244f15315,2025-08-20,Orion
198c6102555ee637,2025-08-20,Investors House Oyj
198c6102a8eea89f,2025-08-20,Dovre Group Plc
198c6102defec17f,2025-08-20,Hexicon AB
198c6102f77dae11,2025-08-20,Rederiaktiebolaget Gotlandsbolaget
198c6103d90c16f2,2025-08-20,Spago Nanomedical AB
198c6103e9a3e422,2025-08-20,Samhällsbyggnadsbolaget i Norden AB
198c61047ebb0394,2025-08-20,Cinclus Pharma Holding AB
198c6104d909bd1d,2025-08-20,SinterCast AB
198c6105042cdfbc,2025-08-20,Image Systems AB
198c610504e259b9,2025-08-20,GiG Software PLC
198c61050f137aee,2025-08-20,Image Systems AB
198c61055c46943a,2025-08-20,Infant Bacterial Therapeutics
198c61059a083fcb,2025-08-20,Micro Systemation AB
198c6105aade3997,2025-08-20,Neste Corporation
198c6105cbb3af2b,2025-08-20,Micro Systemation AB
198c610648d9692a,2025-08-20,Neste Oyj
198c610a20d60d70,2025-08-20,Orion Corporation
198c610f0f6ae0b4,2025-08-20,K-ryhmä
198c610fa649b6fe,2025-08-20,K-ryhmä
198c6110831deeee,2025-08-20,Neste
198c61119e9527b1,2025-08-20,Electrolux Group
198c61124dc6fc5b,2025-08-20,Electrolux Group
198c614decab1310,2025-08-20,Sweden BuyersClub AB
198c626c3df6b743,2025-08-20,Clean Motion AB
198c62bc63b024ab,2025-08-20,Raute Corporation
198c62bd17272c06,2025-08-20,Enorama Pharma AB
198c62bd2b608f33,2025-08-20,Biosergen AB
198c62bd5269e9bd,2025-08-20,Raute Oyj
198c62bddcbf2571,2025-08-20,Biosergen AB
198c62c1513cdfb7,2025-08-20,Clemondo Group AB
198c62c177116a0f,2025-08-20,Unibap Space Solutions AB
198c62c1d98067a4,2025-08-20,FLSmidth & Co. A/S
198c62ca43ad7ee1,2025-08-20,FLSmidth
198c634c53308408,2025-08-20,GRANGEX AB
198c63959f0d8b55,2025-08-20,Calviks AB (publ)
198c646c2015bdb6,2025-08-20,Rockwool A/S
198c6470e172c9a5,2025-08-20,Investeringsforeningen BankInvest
198c647d1cdad86b,2025-08-20,Nokia  Services
198c647f72ee4091,2025-08-20,Stayble Therapeutics AB
198c6542f2eff60a,2025-08-20,NORDEN
198c654302cdf696,2025-08-20,NORDEN
198c6562daefa4c7,2025-08-20,Dometic Group (STO)
198c670494e67ef5,2025-08-20,Acarix AB
198c67e003a741ef,2025-08-20,VNV Global AB (publ)
198c67e02de8f96c,2025-08-20,AlzeCure Pharma AB
198c67e03ac0f8a0,2025-08-20,XPartners Samhällsbyggnad AB
198c6846a39c207e,2025-08-20,Integrum AB
198c68c86aa8d8e4,2025-08-20,Grønlandsbanken A/S
198c6963818bb6c7,2025-08-20,Nasdaq Company News
198c697816136fee,2025-08-20,Danmarks Nationalbank
198c69975e9d22af,2025-08-20,Paxman AB
198c69b59e192b9c,2025-08-20,Logistri Fastighets AB (publ)
198c6a2a7fb5df95,2025-08-20,Hexicon AB
198c6aa7efec4ab8,2025-08-20,Scandinavian Investment Group A/S
198c6bc1f501d2e7,2025-08-20,SEBinvest
198c6bf97a2fbe68,2025-08-20,Investeringsforeningen Wealth Invest
198c6c26e4b664bd,2025-08-20,Rias A/S
198c6c4a92f97a55,2025-08-20,Síldarvinnslan hf
198c6ca7d1184e0d,2025-08-20,Nasdaq Company News
198c6d06527a9f9e,2025-08-20,Pamica Group AB
198c6d3fdb028f34,2025-08-20,Danske Bank A/S
198c6de20709e901,2025-08-20,Circle Energy Sweden AB
198c6e081924fb21,2025-08-20,Glunz & Jensen Holding A/S
198c6e2cef5ccacf,2025-08-20,Scandinavian ChemoTech AB
198c6e91fde0bdf8,2025-08-20,Dicot Pharma AB
198c6eb02ba635f7,2025-08-20,Nasdaq Company News
198c6ebe099ed8ae,2025-08-20,Better Collective
198c6ebe1773733c,2025-08-20,Better Collective A/S
198c6f089e950051,2025-08-20,Alvotech S.A.
198c6f1d0b656466,2025-08-20,Alvotech
198c6f8c292d6894,2025-08-20,Nasdaq Company News
198c6f997980843b,2025-08-20,Alligator Bioscience AB
198c7004f04bc49d,2025-08-20,Reitir fasteignafélag hf.
198c7206dc8e4c7a,2025-08-20,Lollands Bank A/S
198c722fe5ba65ee,2025-08-20,Fortinova Fastigheter AB
198c725630f027e1,2025-08-20,Municipality Credit Iceland
198c730f0c85e125,2025-08-20,Neste
198c73578945be8d,2025-08-20,Carlsberg A/S
198c7358d3dd882e,2025-08-20,Carlsberg A/S
198c73b7b613c62d,2025-08-20,Nasdaq Company News
198c73e444fb24e4,2025-08-20,Saniona AB
198c741420d04cde,2025-08-20,Landsbankinn hf.
198c742fb0425963,2025-08-20,Citycon Oyj
198c742ff061d1cf,2025-08-20,Citycon Oyj
198c74c2b8dfe234,2025-08-20,Nokian Tyres plc
198c74c3a041e1c4,2025-08-20,Nokian Tyres plc
198c74c6fab765f5,2025-08-20,Nokian Tyres
198c759bd9fb537d,2025-08-20,SolTech Energy Sweden AB
198c759e885fd543,2025-08-20,Formpipe
198c759ee8d11a62,2025-08-20,Formpipe
198c7608e5983447,2025-08-20,Sparekassen Sjælland-Fyn A/S
198c761f7fb50c07,2025-08-20,High Coast Distillery AB
198c762dfa6800a3,2025-08-20,Witted Megacorp Oyj
198c762e036debc0,2025-08-20,Modelon AB
198c7636857c8151,2025-08-20,Sparekassen Sjælland-Fyn A/S
198c765cb0e686e3,2025-08-20,Municipality Credit Iceland
198c779c7f779f58,2025-08-20,eEducation Albert AB
198c77c96f148fbd,2025-08-20,Nasdaq Company News
198c77d89f698e49,2025-08-20,Nasdaq Company News
198c77e45e547b05,2025-08-20,Nasdaq Company News
198c77ed571b9cd1,2025-08-20,Nasdaq Company News
198c77fb38003efe,2025-08-20,Nasdaq Company News
198c7800d63b0c11,2025-08-20,Nasdaq Company News
198c78077a55f564,2025-08-20,Nasdaq Company News
198c780d76851681,2025-08-20,Nasdaq Company News
198c78b2f28cd246,2025-08-20,Alcadon Group AB
198c790e2212bcab,2025-08-20,Stora Enso Oyj
198c790f0d08b879,2025-08-20,Stora Enso Oyj
198c79e0a895061f,2025-08-20,Rockwool A/S
198c79e64b73182f,2025-08-20,IDL Diagnostics AB
198c7a9e63acfad9,2025-08-20,Rockwool A/S
198c7b11841a926c,2025-08-20,Novo Nordisk
198c7bbe2d2680b5,2025-08-20,Nasdaq Company News
198c7be708b05242,2025-08-20,Svolder AB
198c7bf635b2f76a,2025-08-20,LED iBond International A/S
198c7c20b1e29494,2025-08-20,SKAKO
198c7c59b4b57aa8,2025-08-20,Nasdaq Company News
198c7c7759624b1d,2025-08-20,Nasdaq Company News
198c7c797e892d22,2025-08-20,Circle Energy Sweden AB
198c7c7a1e44e5b7,2025-08-20,Nicoccino AB
198c7c7eafaeca5d,2025-08-20,Nasdaq Company News
198c7c7ff0109776,2025-08-20,Nasdaq Company News
198c7c850b71befd,2025-08-20,Nasdaq Company News
198c7c8a8ad969ac,2025-08-20,Nasdaq Company News
198c7c919239f360,2025-08-20,Nasdaq Company News
198c7c9bd562504a,2025-08-20,Nasdaq Company News
198c7ca205ce71c0,2025-08-20,Nasdaq Company News
198c7ca761eb37c0,2025-08-20,Nasdaq Company News
198c7cac5f9e2f7f,2025-08-20,Nasdaq Company News
198c7cb13a97382d,2025-08-20,Nasdaq Company News
198c7d3c49e20a23,2025-08-20,Conapto Holding AB
198c7e323c3fe344,2025-08-20,Zaplox AB
198c7e605e57b577,2025-08-20,Google
198c7e6f26e69c90,2025-08-20,Google
198c7e703b37fe61,2025-08-20,BEWI ASA
198c7e8574f9188f,2025-08-20,Admicom Oyj
198c7f2f0fde38f7,2025-08-20,Greater Than AB
198c7f2f2df914e0,2025-08-20,Greater Than AB
198c8089e2a3f5aa,2025-08-20,Gubra A/S
198c819f9cda8273,2025-08-20,Vaisala
198c819ff0719936,2025-08-20,Enersense International Oyj
198c81a08126165b,2025-08-20,United Bankers Oyj
198c81a1439b374f,2025-08-20,Fiskars Oyj Abp
198c81a154b23ef8,2025-08-20,Fiskars Corporation
198c81a1b0a7249e,2025-08-20,Alma Media
198c81a1b49535f6,2025-08-20,Alma Media
198c81a20ab641f1,2025-08-20,Tokmanni Group Oyj
198c81a2d55ec18c,2025-08-20,Tokmanni Group Oyj
198c81a65ae55398,2025-08-20,Fiskars Corporation
198c81b270372305,2025-08-20,Government Debt Management
198c81e916028565,2025-08-20,Íslandsbanki hf.
198c82329cfb8b8f,2025-08-20,Terranet AB
198c827de87f04dc,2025-08-20,Novonesis (Novozymes A/S)
198c835757a2b365,2025-08-20,Mendus AB
198c835942b2134a,2025-08-20,Kemira Oyj
198c8359eaf6175b,2025-08-20,Kemira Oyj
198c8360a324041c,2025-08-20,Kemira Oyj
198c846e2ab5cb70,2025-08-20,ELLWEE AB
198c86c6229228ee,2025-08-20,Arctic Blue Beverages AB
198c86f25b2c09cf,2025-08-20,Better Collective
198c86f44f72d54c,2025-08-20,Better Collective A/S
198c882d3798eb3d,2025-08-20,Nasdaq Company News
198c8844e517639c,2025-08-20,Nasdaq Company News
198c884ac62cc439,2025-08-20,Nasdaq Company News
198c88503019458c,2025-08-20,Nasdaq Company News
198c8b3cd94836c2,2025-08-20,Case Group AB
198c8ef5bb725638,2025-08-20,H&D Wireless Sweden Holding AB
198c8f5cca33ccf3,2025-08-20,Nordea Bank Oyj
198c8f5cd33990d5,2025-08-20,Nordea Bank Abp
198c8f5dcf56c47e,2025-08-20,Nordea Bank Abp
198c8f6230933087,2025-08-20,Nordea
198c90373d539fd7,2025-08-20,Done.ai Group AB
198c911403cd71c8,2025-08-20,Zealand Pharma A/S
198c947f64b39ff0,2025-08-20,John Bean Technologies Corporation
198c94cc6fc29f43,2025-08-20,BEWI ASA
198c95986089a5a7,2025-08-20,Maha Capital AB
198c965fda0b8c22,2025-08-20,BEWI ASA
198c975a621ec6d8,2025-08-20,ALK
198c97633b34aeef,2025-08-20,Alvotech
198c9801945d0c70,2025-08-20,BEWI ASA
198c9d7316310b70,2025-08-20,Grønlandsbanken A/S
198cafafd2568945,2025-08-21,Catella AB
198caff26604db13,2025-08-21,GN Store Nord A/S
198caff981fabeda,2025-08-21,Erria A/S
198caff9a4bc5f04,2025-08-21,Pamica Group AB
198caff9b313a8b6,2025-08-21,Nokian Panimo Oyj
198caff9be08551a,2025-08-21,Herantis Pharma Oyj
198caff9c0192a2c,2025-08-21,Asuntosalkku Oyj
198caffa84d4f14e,2025-08-21,Catella AB
198caffaae2324d7,2025-08-21,Case Group AB
198caffac50cd53f,2025-08-21,Generic AB
198caffb5b1e7b4b,2025-08-21,Alexandria Group Oyj
198caffbadf84776,2025-08-21,Egetis Therapeutics AB
198caffc2026bdd6,2025-08-21,Systemair AB
198caffc2921066f,2025-08-21,Systemair AB
198caffc2da23009,2025-08-21,Kojamo Oyj
198caffc6e80dbeb,2025-08-21,Kojamo Oyj
198caffc8d7943a2,2025-08-21,Cantargia AB
198caffcc24d927b,2025-08-21,Solteq Oyj
198caffd09feb5dd,2025-08-21,Solteq Oyj
198cb002c0e7fb3e,2025-08-21,Kojamo Oyj
198cb08bc3770b92,2025-08-21,Nanoform Finland Oyj
198cb08c08a6a343,2025-08-21,Nanoform Finland Oyj
198cb0d64bfbd81b,2025-08-21,Ework Group AB
198cb0d66cd1cc3a,2025-08-21,Ework Group AB
198cb16f908651db,2025-08-21,Axfood
198cb1b0750ae2b7,2025-08-21,Hifab Group AB
198cb1b082f9d399,2025-08-21,Sampo
198cb1b0c5baadee,2025-08-21,Multitude Capital Oyj
198cb1b0e92f42a7,2025-08-21,Asuntosalkku Oyj
198cb1b111060616,2025-08-21,Dlaboratory Sweden AB
198cb1b127e90fbd,2025-08-21,Icelandic Salmon AS
198cb1b1864a4d7f,2025-08-21,Surgical Science Sweden AB
198cb1b1b6e8104d,2025-08-21,Vincit Oyj
198cb1b2009df6ae,2025-08-21,Gubra A/S
198cb1b22841248c,2025-08-21,Acuvi AB
198cb1b24072c9d1,2025-08-21,BEWI ASA
198cb1b260cd503d,2025-08-21,Stenhus Fastigheter i Norden AB (publ)
198cb1b29cb7b676,2025-08-21,Lemonsoft Oyj
198cb1b2a52ffa8a,2025-08-21,Checkin.com Group AB
198cb1b2d820f0a1,2025-08-21,Checkin.com Group AB
198cb1b2f541325e,2025-08-21,Ascelia Pharma AB
198cb1b303c40bf3,2025-08-21,Fondia Oyj
198cb1b3af16cb77,2025-08-21,ProstaLund AB
198cb1b3dd4120a4,2025-08-21,Fondia Oyj
198cb1b3fc16116c,2025-08-21,Witted Megacorp Oyj
198cb1b6447049e5,2025-08-21,Ovaro Kiinteistösijoitus Oyj
198cb1b876b98c94,2025-08-21,ALK-Abelló
198cb1bb13fb2a3d,2025-08-21,Alzinova AB
198cb1d24c9ef693,2025-08-21,ALK
198cb1d298e68b77,2025-08-21,ALK
198cb28c60513f20,2025-08-21,ByggPartner Gruppen AB
198cb28ec1c38c3b,2025-08-21,Navigo Invest AB
198cb28ee757d203,2025-08-21,Karnov Group AB
198cb28ef064bc25,2025-08-21,Karnov Group AB
198cb2d58aff158b,2025-08-21,Calviks AB (publ)
198cb2d799fb2742,2025-08-21,Danske Andelskassers Bank
198cb34cb59c7388,2025-08-21,Novonesis (Novozymes A/S)
198cb359735ea1eb,2025-08-21,Oncopeptides AB
198cb367dad75728,2025-08-21,Anoto Group AB
198cb367f3e28df0,2025-08-21,Viacon Group AB (publ)
198cb36858b5f8fd,2025-08-21,Skolon AB
198cb3688d026110,2025-08-21,Acarix AB
198cb368905858bf,2025-08-21,Merus Power Oyj
198cb3693eb562be,2025-08-21,Oncopeptides AB
198cb3696502eb47,2025-08-21,Mendus AB
198cb36a05347b55,2025-08-21,Wästbygg Gruppen AB
198cb36a4295b747,2025-08-21,IDL Diagnostics AB
198cb36aadb7fdae,2025-08-21,Seafire AB
198cb36ac0e0ab10,2025-08-21,Clavister AB
198cb36acec7dd46,2025-08-21,Cinis Fertilizer AB
198cb36ad328bebe,2025-08-21,Lehto Group Oyj
198cb36ae8e750cf,2025-08-21,United Bankers Oyj
198cb36b3825af70,2025-08-21,Cinis Fertilizer AB
198cb36b4606d22b,2025-08-21,Compodium International AB
198cb36b5e398c78,2025-08-21,Bioextrax AB
198cb36bab0643ac,2025-08-21,Kährs BondCo AB (publ)
198cb36c049f348f,2025-08-21,Lehto Group Oyj
198cb36c1a30502b,2025-08-21,Kährs BondCo AB (publ)
198cb36c22829d69,2025-08-21,Heimstaden AB (publ)
198cb36c688af57e,2025-08-21,Terranet AB
198cb36c939d8e12,2025-08-21,Envar Holding AB
198cb36ca5fdd8d5,2025-08-21,OncoZenge AB
198cb36cae280896,2025-08-21,Orthex Oyj
198cb36cfa2b72c2,2025-08-21,Orthex Oyj
198cb36d18da093d,2025-08-21,Ratos AB
198cb36d1a0d3477,2025-08-21,SaltX Technology Holding AB
198cb36d5cb65053,2025-08-21,Viacon Group AB (publ)
198cb36d88b019c0,2025-08-21,Stenocare A/S
198cb36dad35a1a3,2025-08-21,Metacon AB
198cb36dcd83aa47,2025-08-21,Metacon AB
198cb36e9b446e3b,2025-08-21,SaltX Technology Holding AB
198cb3cecc3b4f7a,2025-08-21,Aquaporin A/S
198cb443b60a62af,2025-08-21,Mentice AB
198cb4453709c75a,2025-08-21,Brilliant Future AB
198cb44582dccb8a,2025-08-21,ALM Equity AB
198cb4d777aec59e,2025-08-21,Kentima Holding AB
198cb4f5040f0447,2025-08-21,Nasdaq Company News
198cb51f2a4611f4,2025-08-21,Lifeclean International AB
198cb51f842cd9db,2025-08-21,Northbaze Group AB
198cb51f8c9ef454,2025-08-21,XMReality AB
198cb51fb0358ccd,2025-08-21,Acarix AB
198cb520011167fd,2025-08-21,Saxlund Group AB
198cb520f534afbc,2025-08-21,NanoEcho AB
198cb5218a73c059,2025-08-21,Guard Therapeutics International AB
198cb52191121404,2025-08-21,Medivir AB
198cb521b91f7926,2025-08-21,aXichem AB
198cb521c6fb1025,2025-08-21,Modus Therapeutics Holding AB
198cb521e8de9aca,2025-08-21,Chordate Medical Holding AB
198cb521f4929eff,2025-08-21,Nordic Iron Ore AB
198cb52209f9ce69,2025-08-21,QLife Holding AB
198cb5220b4bdd87,2025-08-21,BoMill AB
198cb522149c8e4c,2025-08-21,Isofol Medical AB
198cb52220a07ea9,2025-08-21,QLife Holding AB
198cb522d3c8fdfd,2025-08-21,Active Biotech AB
198cb522de1eeda8,2025-08-21,Lyckegård Group AB
198cb522e3c8651b,2025-08-21,Arcoma AB
198cb522fc9f7583,2025-08-21,Sensys Gatso Group AB
198cb5232307c524,2025-08-21,aXichem AB
198cb52369bb182e,2025-08-21,ExpreS2ion Biotech Holding AB
198cb525499bfdb3,2025-08-21,Nasdaq Company News
198cb525ee8ea9bf,2025-08-21,Tempest Security AB
198cb582c22776b6,2025-08-21,UIE Plc
198cb58e08cc2fff,2025-08-21,TCM Group A/S
198cb5a167340e57,2025-08-21,Sectra
198cb5a5422dfc3c,2025-08-21,Sectra
198cb5b1c4f314de,2025-08-21,Witted Megacorp Oyj
198cb5fb4eeec330,2025-08-21,Baltic Horizon Fund / Northern Horizon Capital
198cb5fe04f5eb30,2025-08-21,Baltic Horizon Fund / Northern Horizon Capital
198cb61eb5fa1a4d,2025-08-21,Online Brands Nordic AB
198cb62718110e69,2025-08-21,Nasdaq Company News
198cb64703c35661,2025-08-21,Axolot Solutions Holding AB
198cb69b95c16f09,2025-08-21,Solwers Oyj
198cb69bb9d9b4ab,2025-08-21,Solwers Oyj
198cb69d1d915711,2025-08-21,Konsolidator A/S
198cb6d6a47ae2ad,2025-08-21,Siili Solutions Oyj
198cb6d6b3c4e761,2025-08-21,Siili Solutions Oyj
198cb6d6ba1a2a46,2025-08-21,Siili Solutions Oyj
198cb6d6c07da413,2025-08-21,Siili Solutions Oyj
198cb6d6c0e8e836,2025-08-21,Siili Solutions Oyj
198cb6d6eb9514b0,2025-08-21,Nordrest Holding AB
198cb6d70555eb2c,2025-08-21,Siili Solutions Oyj
198cb6d70d91d920,2025-08-21,Netum Group Oyj
198cb6d964ec36e2,2025-08-21,BioArctic AB
198cb6da066777ee,2025-08-21,BioArctic AB
198cb6da17f8045b,2025-08-21,Nya Svensk FastighetsFinansiering AB
198cb6e098189000,2025-08-21,BioArctic
198cb6eb30380e92,2025-08-21,cBrain A/S
198cb73321304e15,2025-08-21,DLR Kredit A/S
198cb73b0d6a9d16,2025-08-21,Columbus A/S
198cb79bcc92d6d7,2025-08-21,QLife Holding AB
198cb79be9882545,2025-08-21,QLife Holding AB
198cb7b2a7f77937,2025-08-21,Instalco AB
198cb85c20c7788f,2025-08-21,NORDEN
198cb85c2dbe4cce,2025-08-21,NORDEN
198cb88f918d9fb7,2025-08-21,Canatu Oyj
198cba468e9c6f07,2025-08-21,TROPHY GAMES Development A/S
198cba46f03d2e40,2025-08-21,Nasdaq Company News
198cba4930dde22d,2025-08-21,Fractal Gaming Group AB
198cba4985706207,2025-08-21,Fractal Gaming Group AB
198cba517c1cc95a,2025-08-21,Nokia  Services
198cba6eeed5fdf0,2025-08-21,The Logistics Pulse
198cbbb0f994340f,2025-08-21,Rockwool A/S
198cbbd1f77604d5,2025-08-21,WindowMaster International A/S
198cbbfcf6c8f21e,2025-08-21,Unlimit Group A/S
198cbbfd389dd3e0,2025-08-21,Alvotech S.A.
198cbbfdd22282ce,2025-08-21,Unlimit Group A/S
198cbbfe70efd955,2025-08-21,Netum Group Oyj
198cbc0f9059631a,2025-08-21,Alvotech
198cbc9030d454eb,2025-08-21,aXichem AB
198cbcd9c2e99205,2025-08-21,Gofore Oyj
198cbd2935fed785,2025-08-21,SP Group A/S
198cbd59be6f4ee6,2025-08-21,BEWI ASA
198cbdb48d27cd64,2025-08-21,Binero Group AB
198cbdb4cf69d057,2025-08-21,Kaldalón hf.
198cbdb4d456a53c,2025-08-21,Railcare Group AB
198cbdb4f2381ffa,2025-08-21,Viva Wine Group AB
198cbdb4f632b57d,2025-08-21,IRLAB Therapeutics AB
198cbdb52f0b7cf7,2025-08-21,Kesko Oyj
198cbdb5547e1c91,2025-08-21,Kesko Oyj
198cbdba8dbc0554,2025-08-21,K-ryhmä
198cbdba8e2d5c9d,2025-08-21,K-ryhmä
198cbdbf1a65d55d,2025-08-21,ABB Ltd
198cbdfe323d7447,2025-08-21,First Venture Sweden AB
198cbea714c280c2,2025-08-21,Reykjavíkurborg
198cbed25a6ba1ed,2025-08-21,Reykjavíkurborg
198cbefb1924135a,2025-08-21,Flügger group A/S
198cbf22e824fe5f,2025-08-21,ViroGates A/S
198cc0739697c1c2,2025-08-21,Fast Ejendom Danmark
198cc1b7d24fb2e0,2025-08-21,Partnera Oyj
198cc1b8a99edaa9,2025-08-21,Partnera Oyj
198cc1dd590c67d1,2025-08-21,NTR Holding A/S
198cc1f2678080c0,2025-08-21,Partnera Oyj
198cc200bdc073c0,2025-08-21,Malmbergs Elektriska AB
198cc2b8c9bf563b,2025-08-21,Nasdaq Company News
198cc2dcef695177,2025-08-21,Hufvudstaden AB
198cc2dcfe364a39,2025-08-21,Hufvudstaden AB
198cc2e11f1f398c,2025-08-21,Hufvudstaden
198cc2ee1d00a088,2025-08-21,Realkredit Danmark A/S
198cc325e6996cef,2025-08-21,Swedish Orphan Biovitrum AB
198cc32649f78ec3,2025-08-21,Swedish Orphan Biovitrum AB
198cc455b81ce7e1,2025-08-21,Reitir fasteignafélag hf.
198cc492bddcf9fe,2025-08-21,Fram Skandinavien AB
198cc50f8c1f80e4,2025-08-21,DLR Kredit A/S
198cc56ea54880c4,2025-08-21,Greiðslumiðlunin Hringur ehf.
198cc64a47089723,2025-08-21,Brock Milton Capital AB
198cc725d759b73b,2025-08-21,Nasdaq Company News
198cc7c911cd61f5,2025-08-21,Raisio
198cc7c989a9c128,2025-08-21,Raisio
198cc7def658dc34,2025-08-21,SP Group A/S
198cc802ebbf4dd9,2025-08-21,QPR Software
198cc803e1de113b,2025-08-21,ExpreS2ion Biotech Holding AB
198cc80401593f42,2025-08-21,Aallon Group Oyj
198cc8040da7d378,2025-08-21,Aallon Group Oyj
198cc80417aee684,2025-08-21,Aallon Group Oyj
198cc80465a49471,2025-08-21,First Nordic Metals Corp
198cc84aa8c2ead2,2025-08-21,White Pearl Technology Group AB
198cc9bbf3447118,2025-08-21,Crunchfish AB
198cca94709b150a,2025-08-21,Circle Energy Sweden AB
198ccb01fafee831,2025-08-21,BEWI ASA
198ccb49b587ec77,2025-08-21,Nasdaq Company News
198ccb58fd6a3a31,2025-08-21,Nasdaq Company News
198ccb6203c61d18,2025-08-21,Link Prop Investment AB
198ccb6623d143f8,2025-08-21,Nasdaq Company News
198ccb6d00d528e6,2025-08-21,Nasdaq Company News
198ccb7063cc65b8,2025-08-21,Starbreeze AB
198ccb7084faea86,2025-08-21,Robit Oyj
198ccb7218ecd481,2025-08-21,Sydinvest
198ccb7abab93cba,2025-08-21,Nasdaq Company News
198ccb826634a757,2025-08-21,Nasdaq Company News
198ccb846cbb4a6d,2025-08-21,Nasdaq Company News
198ccb856fb2d5a7,2025-08-21,Nasdaq Company News
198ccb8d9075d9b5,2025-08-21,Nasdaq Company News
198ccb8fe0c8df11,2025-08-21,Nasdaq Company News
198ccb95973bff69,2025-08-21,Nasdaq Company News
198ccb9fbd1016c6,2025-08-21,Nasdaq Company News
198ccba681bad1f0,2025-08-21,Nasdaq Company News
198ccbc84e501722,2025-08-21,Refine Group AB
198ccbc8d1fe3340,2025-08-21,Nasdaq Company News
198ccbcd892f87ba,2025-08-21,Nasdaq Company News
198ccbda8fe7d30e,2025-08-21,WindowMaster International A/S
198ccc11a9fcacd8,2025-08-21,Cabonline Group AB (publ)
198ccc11b77f76f8,2025-08-21,Cabonline Group AB (publ)
198ccc61dd0cfc89,2025-08-21,North Media A/S
198ccd2891b4f9fa,2025-08-21,Pila Pharma AB
198cce96800fa347,2025-08-21,Pila Pharma AB
198ccedf906fe797,2025-08-21,Leax Group AB
198ccedfafddeae8,2025-08-21,NextCell Pharma AB
198ccedfea4ad172,2025-08-21,Leax Group AB
198ccee00d61da99,2025-08-21,AstraZeneca PLC
198ccee71a267c9a,2025-08-21,Hvidbjerg Bank A/S
198ccef130e42c66,2025-08-21,Landsnet hf.
198ccf720e3e8d5b,2025-08-21,2cureX AB
198cd0969bacb1d4,2025-08-21,Pierce Group AB
198cd09734de7e3d,2025-08-21,Hufvudstaden AB
198cd09754bb513e,2025-08-21,Hufvudstaden AB
198cd09c2e142dd6,2025-08-21,Hufvudstaden
198cd21fd8de6098,2025-08-21,Willys
198cd2ec5d13a414,2025-08-21,Globenewswire
198cd4057c78c7f6,2025-08-21,Enersense International Oyj
198cd405c9e81f43,2025-08-21,Vaisala
198cd4072cce73c2,2025-08-21,Alma Media
198cd40758f30d7f,2025-08-21,Fiskars Oyj Abp
198cd4076c185d60,2025-08-21,Alma Media
198cd40789210c43,2025-08-21,Tokmanni Group Oyj
198cd40790f14823,2025-08-21,Fiskars Corporation
198cd40795bbb994,2025-08-21,Tokmanni Group Oyj
198cd407c1481b98,2025-08-21,United Bankers Oyj
198cd40c1ff6e81f,2025-08-21,Fiskars Corporation
198cd441d6dc7546,2025-08-21,Heimar hf.
198cd4aaa894bcca,2025-08-21,Kapitalforeningen SDG Invest
198cd4e133d3a077,2025-08-21,Orkuveita Reykjavíkur
198cd4e1a85cb432,2025-08-21,Kaldalón hf.
198cd4e27b9c2362,2025-08-21,Concejo AB
198cd4e39e90a4e0,2025-08-21,Reitir fasteignafélag hf.
198cd4e4dc515a9e,2025-08-21,Reitir fasteignafélag hf.
198cd52ab6852fd8,2025-08-21,Fluicell AB
198cd549b7329320,2025-08-21,Lánasjóður sveitarfélaga ohf.
198cd59a67ad9ac0,2025-08-21,Sláturfélag Suðurlands svf.
198cd5be91af4137,2025-08-21,EQL Pharma AB
198cd5beb102ee64,2025-08-21,Synsam AB
198cd5bec9c0d0c1,2025-08-21,EQL Pharma AB
198cd5bf0bff1071,2025-08-21,NanoCap Group AB
198cd5bf1e3a54d8,2025-08-21,Synsam AB
198cd5bf7350b94e,2025-08-21,Kemira Oyj
198cd5bf9c5414f5,2025-08-21,Kemira Oyj
198cd5bfee7b695b,2025-08-21,Concejo AB
198cd5c50d63dc98,2025-08-21,Kemira Oyj
198cd5cb1c034260,2025-08-21,Q-Interline A/S
198cd641bd130e21,2025-08-21,RARIK ohf.
198cd64fdcfe1e77,2025-08-21,Xbrane Biopharma AB
198cd698fcfe95de,2025-08-21,Byggmästare Anders J Ahlström Holding AB
198cd6be76715c5b,2025-08-21,Síminn hf.
198cd70c32a362fc,2025-08-21,QLife Holding AB
198cd70c33c3ca72,2025-08-21,QLife Holding AB
198cd77546f43123,2025-08-21,Nova Klúbburinn hf.
198cd780a0ea7c0b,2025-08-21,Sýn hf.
198cd91df9bac508,2025-08-21,Íslandsbanki hf.
198cd92bec52ff7f,2025-08-21,Solid Clouds hf.
198cdbeda8a2b5fa,2025-08-21,Hagar hf.
198cdc12d6bcc7db,2025-08-21,Nexcom A/S
198cdccb114a7d11,2025-08-21,Nexcom A/S
198ce1c1ee0a1a48,2025-08-21,Nordea Bank Abp
198ce1c2d03472fc,2025-08-21,Nordea Bank Abp
198ce1c2e8109c45,2025-08-21,Nordea Bank Oyj
198ce1c7d4f46a27,2025-08-21,Nordea
198ce3c21bfec66a,2025-08-21,Oculis Holding AG
198ce4738fb48763,2025-08-21,John Bean Technologies Corporation
198ce6e66c762167,2025-08-21,John Bean Technologies Corporation
198ce9588951a3fd,2025-08-21,ALK
198ce9b662ff2652,2025-08-21,Alvotech
198cebe6b78f65f9,2025-08-21,Qiiwi Games AB
198cebe9f0f08ca1,2025-08-21,Qiiwi Games AB
198d013a53797b37,2025-08-22,Arvo Sijoitusosuuskunta
198d025f285c796d,2025-08-22,Westpay AB
198d025f526e82cd,2025-08-22,Stockwik Förvaltning AB
198d025f7d558284,2025-08-22,BTS Group AB
198d025f82e6ba83,2025-08-22,Scanfil Oyj
198d0260b19a1e0a,2025-08-22,Gaming Corps AB
198d0260ccffa59f,2025-08-22,Ambu A/S
198d02617c7957fb,2025-08-22,Ambu A/S
198d02f93f3bea26,2025-08-22,Ambu A/S
198d041665fd6224,2025-08-22,eEducation Albert AB
198d041686dca80f,2025-08-22,Witted Megacorp Oyj
198d0416a47b9a94,2025-08-22,Nosa Plugs AB
198d0416bb3af5f7,2025-08-22,Asuntosalkku Oyj
198d0416cc396505,2025-08-22,Sampo
198d0416e4586724,2025-08-22,Skanska AB
198d04170ed1487d,2025-08-22,Lemonsoft Oyj
198d04173cc5ea54,2025-08-22,Sleep Cycle AB
198d04177191c91b,2025-08-22,Besqab AB(publ)
198d041773395e77,2025-08-22,Besqab AB(publ)
198d0417947f440e,2025-08-22,Apetit Plc
198d0417d10cdbcc,2025-08-22,Synsam AB
198d04180c51954c,2025-08-22,Synsam AB
198d041893330f76,2025-08-22,Skanska AB
198d0418edc01360,2025-08-22,Promimic AB
198d04895b04ea22,2025-08-22,Bavarian Nordic A/S
198d04ae8c9d9e88,2025-08-22,Bavarian Nordic A/S
198d05bf1e18eeb7,2025-08-22,Goodbye Kansas Group AB
198d05cdeca3de7d,2025-08-22,Honkarakenne Oyj
198d05cdf377249f,2025-08-22,Refine Group AB
198d05ce7aca8c9c,2025-08-22,Unlimited Travel Group AB
198d05cf07539a1b,2025-08-22,Vicore Pharma Holding AB
198d05cf299b689b,2025-08-22,CodeMill AB
198d05cf58b64038,2025-08-22,Luxbright AB
198d05cf7126d868,2025-08-22,Wise Group AB
198d05cfd53781c7,2025-08-22,Premium Snacks Nordic AB
198d05cfe8b1be73,2025-08-22,I-Tech AB
198d05cfeeac7b51,2025-08-22,Agtira AB
198d05d067e4e4a7,2025-08-22,Goodbye Kansas Group AB
198d05d07836d8c3,2025-08-22,Nasdaq Company News
198d05d090875ce4,2025-08-22,HusCompagniet A/S
198d05d09af291df,2025-08-22,Nasdaq Company News
198d05d0d9e3380d,2025-08-22,Rebellion Capital AB (publ)
198d05d0ed1f23d1,2025-08-22,Firefly AB
198d05d136212a93,2025-08-22,Impact Coatings AB
198d05d13b43fb51,2025-08-22,Summa Defence Oyj
198d05d147f199e8,2025-08-22,Biovica International AB
198d05d166307839,2025-08-22,Tingsvalvet Fastighets AB
198d05d18cc06b07,2025-08-22,Maha Capital AB
198d05d19f7a81d5,2025-08-22,IRLAB Therapeutics AB
198d05d1a1267588,2025-08-22,Summa Defence Oyj
198d05d1a520513d,2025-08-22,Pierce Group AB
198d05d1bd2a4113,2025-08-22,NIBE Industrier AB
198d05d60a5dbef5,2025-08-22,Huhtamäki Oyj
198d05d7a106bbea,2025-08-22,Nordnet
198d05d92c92a7aa,2025-08-22,NIBE Industrier
198d05d9edb19eb8,2025-08-22,Peab
198d05dcd9f2f8d6,2025-08-22,NIBE Industrier AB
198d05e8fe529112,2025-08-22,NIBE Industrier
198d05ec3e2527ca,2025-08-22,Rebellion Capital AB (publ)
198d05fb1d7b1c73,2025-08-22,Cell Impact AB
198d05fb95c7d5f2,2025-08-22,Cell Impact AB
198d061689a73e76,2025-08-22,Dovre Group Plc
198d0636f369e258,2025-08-22,Dataproces Group A/S
198d07853c0c59a2,2025-08-22,Ogunsen AB
198d07854ab943f2,2025-08-22,SenzaGen AB
198d07855ae7314f,2025-08-22,DistIT AB
198d07859e23640a,2025-08-22,Papirfabrikken Invest A/S
198d0785b1371b88,2025-08-22,Desenio Group AB
198d0785d88537f5,2025-08-22,Nasdaq Company News
198d0785ff19e747,2025-08-22,Alpcot Holding AB
198d07861e25a285,2025-08-22,Avtech Sweden AB
198d0786c562cd2b,2025-08-22,RanLOS AB
198d07870170ac89,2025-08-22,DUG Foodtech AB
198d07871354064e,2025-08-22,Clinical Laserthermia Systems AB
198d07873a9ead91,2025-08-22,Initiator Pharma A/S
198d07875b577a5d,2025-08-22,Sparbanken Sjuhärad AB
198d07878c85eaef,2025-08-22,Clinical Laserthermia Systems AB
198d07879e65bbfe,2025-08-22,Byggmästare Anders J Ahlström Holding AB
198d0787a57b8cf2,2025-08-22,Perpetua Medical AB
198d0787e63af657,2025-08-22,KABE Group AB
198d0787ed72bc74,2025-08-22,TalkPool AG
198d0787f517e06e,2025-08-22,Duroc AB
198d07889e0776ab,2025-08-22,Guideline Geo AB
198d0788a2cc16c1,2025-08-22,Garo AB
198d0788b44903a9,2025-08-22,Garo AB
198d0789cef249d7,2025-08-22,Crunchfish AB
198d078bfc34d86a,2025-08-22,Nordic Flanges Group AB
198d07d01ba9c1f6,2025-08-22,SECTRA AB
198d07d029ed36e3,2025-08-22,SECTRA AB
198d07d52bf3c012,2025-08-22,Sectra
198d0818ed22c118,2025-08-22,Svea Bank AB
198d08ac04f8d5d5,2025-08-22,Inission AB
198d08f517d64515,2025-08-22,Apotea AB (publ)
198d08f5260cf899,2025-08-22,Apotea AB (publ)
198d093ca5c9dce4,2025-08-22,Qlucore AB
198d093f959fa370,2025-08-22,S2Medical AB
198d094bd54c6e99,2025-08-22,Lärkberget AB
198d0a886efcb520,2025-08-22,NORDEN
198d0a895fb2d361,2025-08-22,NORDEN
198d0ab809620b0e,2025-08-22,Lipigon Pharmaceuticals AB
198d0af6c6632503,2025-08-22,Jyske Realkredit A/S
198d0afa13f2dcc7,2025-08-22,Rusta AB
198d0bd1c1f69f82,2025-08-22,Nokian Tyres plc
198d0bd2575a5a0f,2025-08-22,Nokian Tyres plc
198d0bd63cb3b469,2025-08-22,Nokian Tyres
198d0bfcb5fd2c7a,2025-08-22,Realkredit Danmark A/S
198d0c1b32e5781b,2025-08-22,Sensys Gatso Group AB
198d0c792b9d31c0,2025-08-22,Investeringsforeningen Falcon Invest
198d0cabd595a560,2025-08-22,EMB Mission Bound AB
198d0cac0859fadc,2025-08-22,Sampo
198d0e64cab7b60c,2025-08-22,Rebl Group Oyj
198d0e659caf6ed6,2025-08-22,Kaldalón hf.
198d101a8581d53d,2025-08-22,Enersense International Oyj
198d102213096939,2025-08-22,Dataproces Group A/S
198d114d2dba9ce1,2025-08-22,BactiQuant A/S
198d11d1e6c911a1,2025-08-22,Íslandsbanki hf.
198d11d20ad42d79,2025-08-22,Goodbye Kansas Group AB
198d11d23625bfb5,2025-08-22,SparDanmark Invest
198d11d3e476760a,2025-08-22,Sýn hf.
198d12175c0e9585,2025-08-22,Pohjolan Voima Oyj
198d12657f63c76f,2025-08-22,Solnaberg Property AB
