run_id,dup_group_id,dup_group_size,rep_strategy,sim_threshold,dup_row,dup_id,dup_title,dup_lang,dup_lang_conf,dup_release_date,dup_source_url,emb_cos_to_rep,rep_row,rep_id,rep_title,rep_lang,rep_lang_conf,rep_release_date,rep_source_url
2025-09-23T151938Z,g00000193,3,lang_conf,0.98,193,1981c0abfd14433a,Company Announcement - Interim report for the first half of 2025,da,-2.1593515518801442e+142,2025-07-18,,1.0,193,1981c0abfd14433a,Company Announcement - Interim report for the first half of 2025,da,-2.1593515518801442e+142,2025-07-18,
2025-09-23T151938Z,g00000193,3,lang_conf,0.98,196,1981c0b65d9fb6bd,Press release - Announcement of financial results for the first half of 2025,da,-1.910451362547313e+143,2025-07-18,,0.9879424571990967,193,1981c0abfd14433a,Company Announcement - Interim report for the first half of 2025,da,-2.1593515518801442e+142,2025-07-18,
2025-09-23T151938Z,g00000193,3,lang_conf,0.98,195,1981c0c6d0a8d328,COMPANY Bank- Interim Report Q2 2025,da,-5.583189899035852e+153,2025-07-18,,0.9800155162811279,193,1981c0abfd14433a,Company Announcement - Interim report for the first half of 2025,da,-2.1593515518801442e+142,2025-07-18,
2025-09-23T151938Z,g00000319,2,lang_conf,0.98,306,198a8fcf4fe74aef,CORRECTION: COMPANY Kapital Council approved Consolidated Interim Report for II Quarter and 6 Months of 2025 (Unaudited),en,-5.704962240786235e+102,2025-08-14,,1.0,306,198a8fcf4fe74aef,CORRECTION: COMPANY Kapital Council approved Consolidated Interim Report for II Quarter and 6 Months of 2025 (Unaudited),en,-5.704962240786235e+102,2025-08-14,
2025-09-23T151938Z,g00000319,2,lang_conf,0.98,307,198a8fd023e899db,CORRECTION: COMPANY Kapital Council approved Consolidated Interim Report for Ii Quarter and 6 Months of 2025 (Unaudited),en,-2.0079185848801166e+102,2025-08-14,,0.998577356338501,306,198a8fcf4fe74aef,CORRECTION: COMPANY Kapital Council approved Consolidated Interim Report for II Quarter and 6 Months of 2025 (Unaudited),en,-5.704962240786235e+102,2025-08-14,
2025-09-23T151938Z,g00000399,2,lang_conf,0.98,399,198ad6d5a385ec48,Investeringsforeningen ValueInvest Danmark - Ophævelse af suspension i afdeling ValueInvest Global A,da,-3.722463152193033e+74,2025-08-15,,1.0,399,198ad6d5a385ec48,Investeringsforeningen ValueInvest Danmark - Ophævelse af suspension i afdeling ValueInvest Global A,da,-3.722463152193033e+74,2025-08-15,
2025-09-23T151938Z,g00000399,2,lang_conf,0.98,475,198acd41c877b031,Investeringsforeningen ValueInvest Danmark - Suspension i afdeling ValueInvest Global A,da,-2.7223987854381636e+66,2025-08-15,,0.9880648255348206,399,198ad6d5a385ec48,Investeringsforeningen ValueInvest Danmark - Ophævelse af suspension i afdeling ValueInvest Global A,da,-3.722463152193033e+74,2025-08-15,
2025-09-23T151938Z,g00000405,2,lang_conf,0.98,425,198ad23accd3e6bb,Commercial Paper(s) issued by Medicover AB will be admitted to trading on COMPANY STO Sustainable Commercial Paper (Record Id 312900),en,-1.9507727527495093e+59,2025-08-15,,1.0,425,198ad23accd3e6bb,Commercial Paper(s) issued by Medicover AB will be admitted to trading on COMPANY STO Sustainable Commercial Paper (Record Id 312900),en,-1.9507727527495093e+59,2025-08-15,
2025-09-23T151938Z,g00000405,2,lang_conf,0.98,426,198ad2424237c16e,Commercial Paper(s) issued by Medicover AB will be admitted to trading on COMPANY STO Sustainable Commercial Paper (Record Id 312916),en,-1.9507727527495093e+59,2025-08-15,,0.9976718425750732,425,198ad23accd3e6bb,Commercial Paper(s) issued by Medicover AB will be admitted to trading on COMPANY STO Sustainable Commercial Paper (Record Id 312900),en,-1.9507727527495093e+59,2025-08-15,
2025-09-23T151938Z,g00000585,2,lang_conf,0.98,656,198bd64956a62a63,CORRECTION: Listing of ETFs issued by Xtrackers (IE) plc,en,-1.2157705284122008e+34,2025-08-18,,1.0,656,198bd64956a62a63,CORRECTION: Listing of ETFs issued by Xtrackers (IE) plc,en,-1.2157705284122008e+34,2025-08-18,
2025-09-23T151938Z,g00000585,2,lang_conf,0.98,599,198bd49188fcfbe1,Listing of ETFs issued by Xtrackers (IE) plc,en,-6.853880973295711e+35,2025-08-18,,0.9904505610466003,656,198bd64956a62a63,CORRECTION: Listing of ETFs issued by Xtrackers (IE) plc,en,-1.2157705284122008e+34,2025-08-18,
2025-09-23T151938Z,g00000588,2,lang_conf,0.98,619,198bccbf20d8df3b,Sparinvest SICAV ophæver suspension af alle suspenderede afdelinger,da,-1.7206758281661108e+75,2025-08-18,,1.0,619,198bccbf20d8df3b,Sparinvest SICAV ophæver suspension af alle suspenderede afdelinger,da,-1.7206758281661108e+75,2025-08-18,
2025-09-23T151938Z,g00000588,2,lang_conf,0.98,739,198bc6f115761eab,Sparinvest SICAV suspenderer handel med alle afdelinger,da,-2.553129037896647e+67,2025-08-18,,0.9888359904289246,619,198bccbf20d8df3b,Sparinvest SICAV ophæver suspension af alle suspenderede afdelinger,da,-1.7206758281661108e+75,2025-08-18,
2025-09-23T151938Z,g00000905,2,lang_conf,0.98,959,198c165663685438,COMPANY Finland Plc - Managers' transactions - Kakkonen,en,-1.0255963423085883e+63,2025-08-19,,1.0,959,198c165663685438,COMPANY Finland Plc - Managers' transactions - Kakkonen,en,-1.0255963423085883e+63,2025-08-19,
2025-09-23T151938Z,g00000905,2,lang_conf,0.98,889,198c1664aced83da,COMPANY Finland Plc - Managers' transactions - Ruokonen,en,-7.775998576548463e+58,2025-08-19,,0.980320930480957,959,198c165663685438,COMPANY Finland Plc - Managers' transactions - Kakkonen,en,-1.0255963423085883e+63,2025-08-19,
2025-09-23T151938Z,g00001109,2,lang_conf,0.98,1145,198c6a2a7fb5df95,Correction: COMPANY (publ) publishes its interim report for Q2 2025,en,-6.0821974322138345e+60,2025-08-20,,1.0,1145,198c6a2a7fb5df95,Correction: COMPANY (publ) publishes its interim report for Q2 2025,en,-6.0821974322138345e+60,2025-08-20,
2025-09-23T151938Z,g00001109,2,lang_conf,0.98,1105,198c6102defec17f,COMPANY (publ) publishes its interim report for Q2 2025,en,-5.829981367180073e+66,2025-08-20,,0.9828734397888184,1145,198c6a2a7fb5df95,Correction: COMPANY (publ) publishes its interim report for Q2 2025,en,-6.0821974322138345e+60,2025-08-20,
2025-09-23T151938Z,g00001219,2,lang_conf,0.98,1216,198cbc9030d454eb,Rättelse av pressmeddelande: COMPANY tillkännager första kommersiella ordern för aXiphen från en kycklingproducent i Brasilien,sv,-1.7944280858428016e+156,2025-08-21,,1.0,1216,198cbc9030d454eb,Rättelse av pressmeddelande: COMPANY tillkännager första kommersiella ordern för aXiphen från en kycklingproducent i Brasilien,sv,-1.7944280858428016e+156,2025-08-21,
2025-09-23T151938Z,g00001219,2,lang_conf,0.98,1426,198cb5232307c524,COMPANY tillkännager första kommersiella ordern för aXiphen från en kycklingproducent i Brasilien,sv,-1.5987138560542795e+167,2025-08-21,,0.982602596282959,1216,198cbc9030d454eb,Rättelse av pressmeddelande: COMPANY tillkännager första kommersiella ordern för aXiphen från en kycklingproducent i Brasilien,sv,-1.7944280858428016e+156,2025-08-21,
2025-09-23T151938Z,g00001462,2,lang_conf,0.98,1538,198d24dd04d7a097,CORRECTION: Listing of subscription rights and paid subscription shares of Agtira AB,en,-2.6205397451453333e+49,2025-08-22,,1.0,1538,198d24dd04d7a097,CORRECTION: Listing of subscription rights and paid subscription shares of Agtira AB,en,-2.6205397451453333e+49,2025-08-22,
2025-09-23T151938Z,g00001462,2,lang_conf,0.98,1510,198d1f93c8e880ae,Listing of subscription rights and paid subscription shares of Agtira AB,en,-2.390215794973328e+51,2025-08-22,,0.9929873943328857,1538,198d24dd04d7a097,CORRECTION: Listing of subscription rights and paid subscription shares of Agtira AB,en,-2.6205397451453333e+49,2025-08-22,
2025-09-23T151938Z,g00001833,2,lang_conf,0.98,1878,198e05030eaec4b3,Managers' transactions - Lamminen,en,-1.0296555483881136e+59,2025-08-25,,1.0,1878,198e05030eaec4b3,Managers' transactions - Lamminen,en,-1.0296555483881136e+59,2025-08-25,
2025-09-23T151938Z,g00001833,2,lang_conf,0.98,1861,198e054c4088fb7a,Managers' transactions - Tomminen,en,-8.301744644078422e+59,2025-08-25,,0.9821425676345825,1878,198e05030eaec4b3,Managers' transactions - Lamminen,en,-1.0296555483881136e+59,2025-08-25,
2025-09-23T151938Z,g00001880,2,lang_conf,0.98,1892,198e656bc30b7aef,Investeringsforeningen Nykredit Invest Balance - halvårsrapport for 2025,no,-5.667665924927302e+88,2025-08-26,,1.0,1892,198e656bc30b7aef,Investeringsforeningen Nykredit Invest Balance - halvårsrapport for 2025,no,-5.667665924927302e+88,2025-08-26,
2025-09-23T151938Z,g00001880,2,lang_conf,0.98,1899,198e65e2301de629,Investeringsforeningen Nykredit Invest - halvårsrapport for 2025,no,-2.923224486887401e+81,2025-08-26,,0.9874573349952698,1892,198e656bc30b7aef,Investeringsforeningen Nykredit Invest Balance - halvårsrapport for 2025,no,-5.667665924927302e+88,2025-08-26,
2025-09-23T151938Z,g00002069,2,lang_conf,0.98,2083,198ebb9c323d7c59,CORRECTION: Bond loan(s) issued by Jönköpings kommun will be admitted to trading on COMPANY STO Corporate Bonds (Record Id 314235),en,-3.7918927837123425e+85,2025-08-27,,1.0,2083,198ebb9c323d7c59,CORRECTION: Bond loan(s) issued by Jönköpings kommun will be admitted to trading on COMPANY STO Corporate Bonds (Record Id 314235),en,-3.7918927837123425e+85,2025-08-27,
2025-09-23T151938Z,g00002069,2,lang_conf,0.98,2130,198eb8647dff7518,Bond loan(s) issued by Jönköpings kommun will be admitted to trading on COMPANY STO Corporate Bonds (Record Id 314235),en,-1.2366875725132138e+83,2025-08-27,,0.9883972406387329,2083,198ebb9c323d7c59,CORRECTION: Bond loan(s) issued by Jönköpings kommun will be admitted to trading on COMPANY STO Corporate Bonds (Record Id 314235),en,-3.7918927837123425e+85,2025-08-27,
2025-09-23T151938Z,g00002090,2,lang_conf,0.98,2260,198eaaccbd8056f9,Bond loan(s) issued by Industrivärden AB will be admitted to trading on COMPANY STO Corporate Bonds (Record Id 314008),en,-4.180199568437614e+80,2025-08-27,,1.0,2260,198eaaccbd8056f9,Bond loan(s) issued by Industrivärden AB will be admitted to trading on COMPANY STO Corporate Bonds (Record Id 314008),en,-4.180199568437614e+80,2025-08-27,
2025-09-23T151938Z,g00002090,2,lang_conf,0.98,2296,198ea41aa2a79319,Bond loan(s) issued by Industrivärden AB will be admitted to trading on COMPANY STO Corporate Bonds (Record Id 314005),en,-4.180199568437614e+80,2025-08-27,,0.9962977170944214,2260,198eaaccbd8056f9,Bond loan(s) issued by Industrivärden AB will be admitted to trading on COMPANY STO Corporate Bonds (Record Id 314008),en,-4.180199568437614e+80,2025-08-27,
2025-09-23T151938Z,g00002210,2,lang_conf,0.98,2247,198ea68d708e7945,Correction: COMPANY Reports Strong Q2 Performance with Growth and Profitability,en,-1.444215710041563e+55,2025-08-27,,1.0,2247,198ea68d708e7945,Correction: COMPANY Reports Strong Q2 Performance with Growth and Profitability,en,-1.444215710041563e+55,2025-08-27,
2025-09-23T151938Z,g00002210,2,lang_conf,0.98,2207,198ea1cf56620861,COMPANY Reports Strong Q2 Performance with Growth and Profitability,en,-7.660474310858342e+59,2025-08-27,,0.9881405830383301,2247,198ea68d708e7945,Correction: COMPANY Reports Strong Q2 Performance with Growth and Profitability,en,-1.444215710041563e+55,2025-08-27,
2025-09-23T151938Z,g00002433,2,lang_conf,0.98,2542,198ef7562a2321fe,Correction: COMPANY Technologies Interim Report Q2 2025,en,-2.7104996686327403e+68,2025-08-28,,1.0,2542,198ef7562a2321fe,Correction: COMPANY Technologies Interim Report Q2 2025,en,-2.7104996686327403e+68,2025-08-28,
2025-09-23T151938Z,g00002433,2,lang_conf,0.98,2441,198ef434fd92ec37,COMPANY Technologies Interim Report Q1 2025,en,-2.22152526429803e+69,2025-08-28,,0.9832862615585327,2542,198ef7562a2321fe,Correction: COMPANY Technologies Interim Report Q2 2025,en,-2.7104996686327403e+68,2025-08-28,
2025-09-23T151938Z,g00002497,2,lang_conf,0.98,2520,198f00c95caed8e4,Correction: Interim report Q2 April - June 2025,en,-1.9957654375166427e+72,2025-08-28,,1.0,2520,198f00c95caed8e4,Correction: Interim report Q2 April - June 2025,en,-1.9957654375166427e+72,2025-08-28,
2025-09-23T151938Z,g00002497,2,lang_conf,0.98,2507,198efb1049431f95,Interim report Q2 April - June 2025,en,-1.739948135830156e+74,2025-08-28,,0.9970582723617554,2520,198f00c95caed8e4,Correction: Interim report Q2 April - June 2025,en,-1.9957654375166427e+72,2025-08-28,
2025-09-23T151938Z,g00002563,2,lang_conf,0.98,2673,198f6658ab757620,CORRECTION: Debt instrument(s) issued by Nordic Factoring Fund AB (publ) is admitted to trading on STO Retail Corporate Bonds,en,-7.5308176157045e+60,2025-08-29,,1.0,2673,198f6658ab757620,CORRECTION: Debt instrument(s) issued by Nordic Factoring Fund AB (publ) is admitted to trading on STO Retail Corporate Bonds,en,-7.5308176157045e+60,2025-08-29,
2025-09-23T151938Z,g00002563,2,lang_conf,0.98,2682,198f6505ebf45c67,Debt instrument(s) issued by Nordic Factoring Fund AB (publ) is admitted to trading on STO Retail Corporate Bonds,en,-7.5308176157045e+60,2025-08-29,,0.9911565780639648,2673,198f6658ab757620,CORRECTION: Debt instrument(s) issued by Nordic Factoring Fund AB (publ) is admitted to trading on STO Retail Corporate Bonds,en,-7.5308176157045e+60,2025-08-29,
2025-09-23T151938Z,g00002577,2,lang_conf,0.98,2576,198f5d7ae8ec4144,Correction: COMPANY presents 2025 Q2 quarterly report,en,-2.8057449526591017e+84,2025-08-29,,1.0,2576,198f5d7ae8ec4144,Correction: COMPANY presents 2025 Q2 quarterly report,en,-2.8057449526591017e+84,2025-08-29,
2025-09-23T151938Z,g00002577,2,lang_conf,0.98,2577,198f5ce867756716,COMPANY presents 2025 Q5 quarterly report,en,-8.955277247334322e+81,2025-08-29,,0.9834598898887634,2576,198f5d7ae8ec4144,Correction: COMPANY presents 2025 Q2 quarterly report,en,-2.8057449526591017e+84,2025-08-29,
2025-09-23T151938Z,g00002840,2,lang_conf,0.98,2861,198feed3abda8ba0,Sparbanken Rekarne AB (publ) (u.n.ä.t. Sparbanken Mälardalen AB (publ)) slutför samgåendet med Sparbanken Västra Mälardalen,sv,-3.153136680166033e+155,2025-08-31,,1.0,2861,198feed3abda8ba0,Sparbanken Rekarne AB (publ) (u.n.ä.t. Sparbanken Mälardalen AB (publ)) slutför samgåendet med Sparbanken Västra Mälardalen,sv,-3.153136680166033e+155,2025-08-31,
2025-09-23T151938Z,g00002840,2,lang_conf,0.98,2860,198feed0771fe3d2,Sparbanken Västra Mälardalen slutför samgåendet med Sparbanken Rekarne AB (publ) (u.n.ä.t. Sparbanken Mälardalen AB (publ)),sv,-3.174916904023362e+148,2025-08-31,,0.9959138631820679,2861,198feed3abda8ba0,Sparbanken Rekarne AB (publ) (u.n.ä.t. Sparbanken Mälardalen AB (publ)) slutför samgåendet med Sparbanken Västra Mälardalen,sv,-3.153136680166033e+155,2025-08-31,
2025-09-23T151938Z,g00002851,2,lang_conf,0.98,2885,1990548e2e800cf9,Listing of paid subscription shares of BE Group AB,en,-6.624120720141025e+43,2025-09-01,,1.0,2885,1990548e2e800cf9,Listing of paid subscription shares of BE Group AB,en,-6.624120720141025e+43,2025-09-01,
2025-09-23T151938Z,g00002851,2,lang_conf,0.98,2884,1990548caec286be,Listing of subscription rights of BE Group AB,en,-1.0974497948272221e+48,2025-09-01,,0.9831116199493408,2885,1990548e2e800cf9,Listing of paid subscription shares of BE Group AB,en,-6.624120720141025e+43,2025-09-01,
2025-09-23T151938Z,g00002990,2,lang_conf,0.98,3055,1990474ac095f341,"Correction: Repurchase of COMPANY B shares in week 35, 2025",en,-1.0517384492030222e+91,2025-09-01,,1.0,3055,1990474ac095f341,"Correction: Repurchase of COMPANY B shares in week 35, 2025",en,-1.0517384492030222e+91,2025-09-01,
2025-09-23T151938Z,g00002990,2,lang_conf,0.98,2992,19903f81309b1ba4,"Repurchase of COMPANY B shares in week 35, 2025",en,-4.803652648969508e+92,2025-09-01,,0.982926070690155,3055,1990474ac095f341,"Correction: Repurchase of COMPANY B shares in week 35, 2025",en,-1.0517384492030222e+91,2025-09-01,
2025-09-23T151938Z,g00002991,2,lang_conf,0.98,3054,1990474a79fe8459,Rättelse: Återköp av aktier av COMPANY B i vecka 35 2025,sv,-2.280711692728066e+155,2025-09-01,,1.0,3054,1990474a79fe8459,Rättelse: Återköp av aktier av COMPANY B i vecka 35 2025,sv,-2.280711692728066e+155,2025-09-01,
2025-09-23T151938Z,g00002991,2,lang_conf,0.98,2995,19903f81c912615a,Återköp av aktier av COMPANY B i vecka 35 2025,sv,-4.614205981013322e+152,2025-09-01,,0.9854050874710083,3054,1990474a79fe8459,Rättelse: Återköp av aktier av COMPANY B i vecka 35 2025,sv,-2.280711692728066e+155,2025-09-01,
2025-09-23T151938Z,g00003126,2,lang_conf,0.98,3143,1990a35a16fd082c,Correction: Timur Kärki's holding of COMPANY's shares and voting rights falls below 10%,en,-1.1198299141015788e+110,2025-09-02,,1.0,3143,1990a35a16fd082c,Correction: Timur Kärki's holding of COMPANY's shares and voting rights falls below 10%,en,-1.1198299141015788e+110,2025-09-02,
2025-09-23T151938Z,g00003126,2,lang_conf,0.98,3282,19909553c40d9696,Timur Kärki's holding of COMPANY's shares and voting rights falls below 10%,en,-6.686863248422081e+115,2025-09-02,,0.9873203039169312,3143,1990a35a16fd082c,Correction: Timur Kärki's holding of COMPANY's shares and voting rights falls below 10%,en,-1.1198299141015788e+110,2025-09-02,
2025-09-23T151938Z,g00003230,2,lang_conf,0.98,3249,1990992e6bf1ac0e,COMPANY suspenderer handel med afdelinger,da,-1.1034121030110728e+76,2025-09-02,,1.0,3249,1990992e6bf1ac0e,COMPANY suspenderer handel med afdelinger,da,-1.1034121030110728e+76,2025-09-02,
2025-09-23T151938Z,g00003230,2,lang_conf,0.98,3257,19909bc692497eeb,COMPANY ophæver suspendering af handel med afdelinger,da,-1.327326236589878e+58,2025-09-02,,0.9872704744338989,3249,1990992e6bf1ac0e,COMPANY suspenderer handel med afdelinger,da,-1.1034121030110728e+76,2025-09-02,
2025-09-23T151938Z,g00003427,7,lang_conf,0.98,3460,1991512d4e94a4e7,Structured bond(s) issued by Nordea Bank Abp will be admitted to trading on STO Structured Products NOK (Record Id 314897),en,-4.6875708382164873e+61,2025-09-04,,1.0,3460,1991512d4e94a4e7,Structured bond(s) issued by Nordea Bank Abp will be admitted to trading on STO Structured Products NOK (Record Id 314897),en,-4.6875708382164873e+61,2025-09-04,
2025-09-23T151938Z,g00003427,7,lang_conf,0.98,3598,19913a76d691714a,Structured bond(s) issued by Nordea Bank Abp will be admitted to trading on STO Structured Products (Record Id 314891),en,-2.7741009953164323e+61,2025-09-04,,0.9940879344940186,3460,1991512d4e94a4e7,Structured bond(s) issued by Nordea Bank Abp will be admitted to trading on STO Structured Products NOK (Record Id 314897),en,-4.6875708382164873e+61,2025-09-04,
2025-09-23T151938Z,g00003427,7,lang_conf,0.98,3601,19913ab6484fc699,Structured bond(s) issued by Nordea Bank Abp will be admitted to trading on STO Structured Products (Record Id 314893),en,-2.7741009953164323e+61,2025-09-04,,0.9940498471260071,3460,1991512d4e94a4e7,Structured bond(s) issued by Nordea Bank Abp will be admitted to trading on STO Structured Products NOK (Record Id 314897),en,-4.6875708382164873e+61,2025-09-04,
2025-09-23T151938Z,g00003427,7,lang_conf,0.98,3599,19913a8598d101aa,Structured bond(s) issued by Nordea Bank Abp will be admitted to trading on STO Structured Products (Record Id 314895),en,-2.7741009953164323e+61,2025-09-04,,0.9940337538719177,3460,1991512d4e94a4e7,Structured bond(s) issued by Nordea Bank Abp will be admitted to trading on STO Structured Products NOK (Record Id 314897),en,-4.6875708382164873e+61,2025-09-04,
2025-09-23T151938Z,g00003427,7,lang_conf,0.98,3604,19913be3d98e402d,Structured bond(s) issued by Nordea Bank Abp will be admitted to trading on STO Structured Products (Record Id 314892),en,-2.7741009953164323e+61,2025-09-04,,0.993559718132019,3460,1991512d4e94a4e7,Structured bond(s) issued by Nordea Bank Abp will be admitted to trading on STO Structured Products NOK (Record Id 314897),en,-4.6875708382164873e+61,2025-09-04,
2025-09-23T151938Z,g00003427,7,lang_conf,0.98,3600,19913a9c2cbffc8c,Structured bond(s) issued by Nordea Bank Abp will be admitted to trading on STO Structured Products (Record Id 314894),en,-2.7741009953164323e+61,2025-09-04,,0.9934862852096558,3460,1991512d4e94a4e7,Structured bond(s) issued by Nordea Bank Abp will be admitted to trading on STO Structured Products NOK (Record Id 314897),en,-4.6875708382164873e+61,2025-09-04,
2025-09-23T151938Z,g00003427,7,lang_conf,0.98,3597,19913a4bbb9e34ed,Structured bond(s) issued by Nordea Bank Abp will be admitted to trading on STO Structured Products (Record Id 314889),en,-2.7741009953164323e+61,2025-09-04,,0.9934163093566895,3460,1991512d4e94a4e7,Structured bond(s) issued by Nordea Bank Abp will be admitted to trading on STO Structured Products NOK (Record Id 314897),en,-4.6875708382164873e+61,2025-09-04,
2025-09-23T151938Z,g00003499,3,lang_conf,0.98,3524,199142bb4c2bab78,Managers' transactions - Kokkonen,en,-3.2465431792498327e+52,2025-09-04,,1.0,3524,199142bb4c2bab78,Managers' transactions - Kokkonen,en,-3.2465431792498327e+52,2025-09-04,
2025-09-23T151938Z,g00003499,3,lang_conf,0.98,3579,199142b5e01e07b8,Managers' transactions - Kohonen,en,-8.090776170769799e+51,2025-09-04,,0.9840756058692932,3524,199142bb4c2bab78,Managers' transactions - Kokkonen,en,-3.2465431792498327e+52,2025-09-04,
2025-09-23T151938Z,g00003499,3,lang_conf,0.98,3576,199142b4324fb0c3,Managers' transactions - Makkonen,en,-2.64880967199351e+52,2025-09-04,,0.9836128950119019,3524,199142bb4c2bab78,Managers' transactions - Kokkonen,en,-3.2465431792498327e+52,2025-09-04,
2025-09-23T151938Z,g00003730,2,lang_conf,0.98,3806,19929f2f59b1f36c,Omien osakkeiden hankinta 8.9.2025,fi,-1.4599664771856484e+107,2025-09-08,,1.0,3806,19929f2f59b1f36c,Omien osakkeiden hankinta 8.9.2025,fi,-1.4599664771856484e+107,2025-09-08,
2025-09-23T151938Z,g00003730,2,lang_conf,0.98,3862,19928125ad82aeea,Omien osakkeiden hankinta 5.9.2025,fi,-9.175139955478738e+107,2025-09-08,,0.995415985584259,3806,19929f2f59b1f36c,Omien osakkeiden hankinta 8.9.2025,fi,-1.4599664771856484e+107,2025-09-08,
2025-09-23T151938Z,g00003731,2,lang_conf,0.98,3814,19929f2ecd75e817,COMPANY: Share repurchase 8.9.2025,en,-1.1544720626389985e+54,2025-09-08,,1.0,3814,19929f2ecd75e817,COMPANY: Share repurchase 8.9.2025,en,-1.1544720626389985e+54,2025-09-08,
2025-09-23T151938Z,g00003731,2,lang_conf,0.98,3861,19928125ac42f9c7,COMPANY: Share repurchase 5.9.2025,en,-3.1059953693775547e+56,2025-09-08,,0.9929216504096985,3814,19929f2ecd75e817,COMPANY: Share repurchase 8.9.2025,en,-1.1544720626389985e+54,2025-09-08,
2025-09-23T151938Z,g00003738,4,lang_conf,0.98,3782,19928d6bdd5e73ae,Bond loan(s) issued by SAAB AB will be admitted to trading on COMPANY STO Corporate Bonds (Record Id 315231),en,-5.765657201917949e+61,2025-09-08,,1.0,3782,19928d6bdd5e73ae,Bond loan(s) issued by SAAB AB will be admitted to trading on COMPANY STO Corporate Bonds (Record Id 315231),en,-5.765657201917949e+61,2025-09-08,
2025-09-23T151938Z,g00003738,4,lang_conf,0.98,3920,19928b4e66f0e4dd,Bond loan(s) issued by SAAB AB will be admitted to trading on COMPANY STO Corporate Bonds (Record Id 315191),en,-5.765657201917949e+61,2025-09-08,,0.9949048757553101,3782,19928d6bdd5e73ae,Bond loan(s) issued by SAAB AB will be admitted to trading on COMPANY STO Corporate Bonds (Record Id 315231),en,-5.765657201917949e+61,2025-09-08,
2025-09-23T151938Z,g00003738,4,lang_conf,0.98,3846,19928c3f5bdbdefa,Bond loan(s) issued by SAAB AB will be admitted to trading on COMPANY STO Corporate Bonds (Record Id 315193),en,-5.765657201917949e+61,2025-09-08,,0.994515061378479,3782,19928d6bdd5e73ae,Bond loan(s) issued by SAAB AB will be admitted to trading on COMPANY STO Corporate Bonds (Record Id 315231),en,-5.765657201917949e+61,2025-09-08,
2025-09-23T151938Z,g00003738,4,lang_conf,0.98,3831,19929948aebe165e,Bond loan(s) issued by SAAB AB will be admitted to trading on COMPANY STO Corporate Bonds (Record Id 315194),en,-5.765657201917949e+61,2025-09-08,,0.9927535653114319,3782,19928d6bdd5e73ae,Bond loan(s) issued by SAAB AB will be admitted to trading on COMPANY STO Corporate Bonds (Record Id 315231),en,-5.765657201917949e+61,2025-09-08,
2025-09-23T151938Z,g00003930,2,lang_conf,0.98,4091,1992e4869529bc23,CORRECTION: Bond loan(s) issued by Norion Bank AB will be admitted to trading on COMPANY STO Corporate Bonds (Record Id 315076),en,-7.103230919514329e+62,2025-09-09,,1.0,4091,1992e4869529bc23,CORRECTION: Bond loan(s) issued by Norion Bank AB will be admitted to trading on COMPANY STO Corporate Bonds (Record Id 315076),en,-7.103230919514329e+62,2025-09-09,
2025-09-23T151938Z,g00003930,2,lang_conf,0.98,4050,1992d1ae23db1747,Bond loan(s) issued by Norion Bank AB will be admitted to trading on COMPANY STO Corporate Bonds (Record Id 315076),en,-5.765657201917949e+61,2025-09-09,,0.9901641607284546,4091,1992e4869529bc23,CORRECTION: Bond loan(s) issued by Norion Bank AB will be admitted to trading on COMPANY STO Corporate Bonds (Record Id 315076),en,-7.103230919514329e+62,2025-09-09,
2025-09-23T151938Z,g00004015,2,lang_conf,0.98,4034,1992d2acf4581f5e,Correction: COMPANY: SHARE REPURCHASE 8.9.2025,en,-5.422025830809445e+63,2025-09-09,,1.0,4034,1992d2acf4581f5e,Correction: COMPANY: SHARE REPURCHASE 8.9.2025,en,-5.422025830809445e+63,2025-09-09,
2025-09-23T151938Z,g00004015,2,lang_conf,0.98,4055,1992cf3da2bd8133,SHARE REPURCHASE 8.9.2025,en,-2.195216417411461e+71,2025-09-09,,0.9822524785995483,4034,1992d2acf4581f5e,Correction: COMPANY: SHARE REPURCHASE 8.9.2025,en,-5.422025830809445e+63,2025-09-09,
2025-09-23T151938Z,g00004097,4,lang_conf,0.98,4236,19932e20aa6a508e,Commercial Paper(s) issued by Medicover AB will be admitted to trading on COMPANY STO Sustainable Commercial Paper (Record Id 315507),en,-1.9507727527495093e+59,2025-09-10,,1.0,4236,19932e20aa6a508e,Commercial Paper(s) issued by Medicover AB will be admitted to trading on COMPANY STO Sustainable Commercial Paper (Record Id 315507),en,-1.9507727527495093e+59,2025-09-10,
2025-09-23T151938Z,g00004097,4,lang_conf,0.98,4252,1993318a4e4b6565,Commercial Paper(s) issued by Medicover AB will be admitted to trading on COMPANY STO Sustainable Commercial Paper (Record Id 315502),en,-1.9507727527495093e+59,2025-09-10,,0.9984275102615356,4236,19932e20aa6a508e,Commercial Paper(s) issued by Medicover AB will be admitted to trading on COMPANY STO Sustainable Commercial Paper (Record Id 315507),en,-1.9507727527495093e+59,2025-09-10,
2025-09-23T151938Z,g00004097,4,lang_conf,0.98,4242,19932d950c620729,Commercial Paper(s) issued by Medicover AB will be admitted to trading on COMPANY STO Sustainable Commercial Paper (Record Id 315503),en,-1.9507727527495093e+59,2025-09-10,,0.9981292486190796,4236,19932e20aa6a508e,Commercial Paper(s) issued by Medicover AB will be admitted to trading on COMPANY STO Sustainable Commercial Paper (Record Id 315507),en,-1.9507727527495093e+59,2025-09-10,
2025-09-23T151938Z,g00004097,4,lang_conf,0.98,4244,199331aa1e63a4ad,Commercial Paper(s) issued by Medicover AB will be admitted to trading on COMPANY STO Sustainable Commercial Paper (Record Id 315500),en,-1.9507727527495093e+59,2025-09-10,,0.9978415966033936,4236,19932e20aa6a508e,Commercial Paper(s) issued by Medicover AB will be admitted to trading on COMPANY STO Sustainable Commercial Paper (Record Id 315507),en,-1.9507727527495093e+59,2025-09-10,
2025-09-23T151938Z,g00004099,2,lang_conf,0.98,4249,1993339f9ae2479d,Bond loan(s) issued by Södertälje Kommun will be admitted to trading on COMPANY STO Corporate Bonds (Record Id 315586),en,-1.6047090376223324e+83,2025-09-10,,1.0,4249,1993339f9ae2479d,Bond loan(s) issued by Södertälje Kommun will be admitted to trading on COMPANY STO Corporate Bonds (Record Id 315586),en,-1.6047090376223324e+83,2025-09-10,
2025-09-23T151938Z,g00004099,2,lang_conf,0.98,4247,1993334589ce3e3a,Bond loan(s) issued by Södertälje Kommun will be admitted to trading on COMPANY STO Corporate Bonds (Record Id 315470),en,-1.6047090376223324e+83,2025-09-10,,0.9899559020996094,4249,1993339f9ae2479d,Bond loan(s) issued by Södertälje Kommun will be admitted to trading on COMPANY STO Corporate Bonds (Record Id 315586),en,-1.6047090376223324e+83,2025-09-10,
2025-09-23T151938Z,g00004117,2,lang_conf,0.98,4150,19933a9622019a24,Rättelse: Uppsägning av avtal med Certified Adviser och inledd process för att utse ny rådgivare samt anlitande av advokatbyrå,sv,-1.6902827539895922e+160,2025-09-10,,1.0,4150,19933a9622019a24,Rättelse: Uppsägning av avtal med Certified Adviser och inledd process för att utse ny rådgivare samt anlitande av advokatbyrå,sv,-1.6902827539895922e+160,2025-09-10,
2025-09-23T151938Z,g00004117,2,lang_conf,0.98,4148,199338fc0d665488,Uppsägning av avtal med Certified Adviser och inledd process för att utse ny rådgivare samt anlitande av advokatbyrå,sv,-4.356049953809822e+155,2025-09-10,,0.9916878342628479,4150,19933a9622019a24,Rättelse: Uppsägning av avtal med Certified Adviser och inledd process för att utse ny rådgivare samt anlitande av advokatbyrå,sv,-1.6902827539895922e+160,2025-09-10,
2025-09-23T151938Z,g00004254,2,lang_conf,0.98,4326,199395ca6e04fdbf,Corr. COMPANY: Mandatory notifications of trade and disclosure of large shareholding (share lending) - Tranche 2 of Private Placement,en,-1.3737800367172784e+77,2025-09-11,,1.0,4326,199395ca6e04fdbf,Corr. COMPANY: Mandatory notifications of trade and disclosure of large shareholding (share lending) - Tranche 2 of Private Placement,en,-1.3737800367172784e+77,2025-09-11,
2025-09-23T151938Z,g00004254,2,lang_conf,0.98,4291,19938ae8e9f3bb82,Mandatory notifications of trade and disclosure of large shareholding (share lending) - Tranche 2 of Private Placement,en,-7.057671846121858e+77,2025-09-11,,0.9821172952651978,4326,199395ca6e04fdbf,Corr. COMPANY: Mandatory notifications of trade and disclosure of large shareholding (share lending) - Tranche 2 of Private Placement,en,-1.3737800367172784e+77,2025-09-11,
2025-09-23T151938Z,g00004390,3,lang_conf,0.98,4485,1993cd2494d154f4,Commercial Paper(s) issued by Heba Fastighets AB will be admitted to trading on COMPANY STO Sustainable Commercial Paper (Record Id 315634),en,-1.68047642103554e+66,2025-09-12,,1.0,4485,1993cd2494d154f4,Commercial Paper(s) issued by Heba Fastighets AB will be admitted to trading on COMPANY STO Sustainable Commercial Paper (Record Id 315634),en,-1.68047642103554e+66,2025-09-12,
2025-09-23T151938Z,g00004390,3,lang_conf,0.98,4533,1993ddff0ac60ed3,Commercial Paper(s) issued by Heba Fastighets AB will be admitted to trading on COMPANY STO Sustainable Commercial Paper (Record Id 315640),en,-1.68047642103554e+66,2025-09-12,,0.9984499216079712,4485,1993cd2494d154f4,Commercial Paper(s) issued by Heba Fastighets AB will be admitted to trading on COMPANY STO Sustainable Commercial Paper (Record Id 315634),en,-1.68047642103554e+66,2025-09-12,
2025-09-23T151938Z,g00004390,3,lang_conf,0.98,4527,1993ddf7f46a4f10,Commercial Paper(s) issued by Heba Fastighets AB will be admitted to trading on COMPANY STO Sustainable Commercial Paper (Record Id 315643),en,-1.68047642103554e+66,2025-09-12,,0.9979475736618042,4485,1993cd2494d154f4,Commercial Paper(s) issued by Heba Fastighets AB will be admitted to trading on COMPANY STO Sustainable Commercial Paper (Record Id 315634),en,-1.68047642103554e+66,2025-09-12,
2025-09-23T151938Z,g00004521,2,lang_conf,0.98,4581,1994cc5e57d4cfb4,Bond loan(s) issued by Ziklo Bank AB will be admitted to trading on COMPANY STO Sustainable Bonds (Record Id 315609),en,-1.1794165108579621e+63,2025-09-15,,1.0,4581,1994cc5e57d4cfb4,Bond loan(s) issued by Ziklo Bank AB will be admitted to trading on COMPANY STO Sustainable Bonds (Record Id 315609),en,-1.1794165108579621e+63,2025-09-15,
2025-09-23T151938Z,g00004521,2,lang_conf,0.98,4743,1994cabeddd99d76,Bond loan(s) issued by Ziklo Bank AB will be admitted to trading on COMPANY STO Corporate Bonds (Record Id 315610),en,-7.264771006183304e+64,2025-09-15,,0.9803311824798584,4581,1994cc5e57d4cfb4,Bond loan(s) issued by Ziklo Bank AB will be admitted to trading on COMPANY STO Sustainable Bonds (Record Id 315609),en,-1.1794165108579621e+63,2025-09-15,
2025-09-23T151938Z,g00004735,2,lang_conf,0.98,4853,1995220c3fb0aef8,The Mortgage Society of Finland announces indicative tender offer results for its outstanding notes maturing in March 2026,en,-8.074056424722155e+78,2025-09-16,,1.0,4853,1995220c3fb0aef8,The Mortgage Society of Finland announces indicative tender offer results for its outstanding notes maturing in March 2026,en,-8.074056424722155e+78,2025-09-16,
2025-09-23T151938Z,g00004735,2,lang_conf,0.98,4797,1995249fbab32fdc,The Mortgage Society of Finland announces final tender offer results for its outstanding notes maturing in March 2026,en,-4.976165371462251e+83,2025-09-16,,0.9880653619766235,4853,1995220c3fb0aef8,The Mortgage Society of Finland announces indicative tender offer results for its outstanding notes maturing in March 2026,en,-8.074056424722155e+78,2025-09-16,
2025-09-23T151938Z,g00004737,2,lang_conf,0.98,4854,19951b942afaf7de,Bond loan(s) issued by Sparbanken Skåne AB will be admitted to trading on COMPANY STO Sustainable Bonds (Record Id 316180),en,-6.967651617206725e+73,2025-09-16,,1.0,4854,19951b942afaf7de,Bond loan(s) issued by Sparbanken Skåne AB will be admitted to trading on COMPANY STO Sustainable Bonds (Record Id 316180),en,-6.967651617206725e+73,2025-09-16,
2025-09-23T151938Z,g00004737,2,lang_conf,0.98,4904,19951ba52b970e13,Bond loan(s) issued by Sparbanken Skåne AB will be admitted to trading on COMPANY STO Sustainable Bonds (Record Id 316181),en,-6.967651617206725e+73,2025-09-16,,0.9983940720558167,4854,19951b942afaf7de,Bond loan(s) issued by Sparbanken Skåne AB will be admitted to trading on COMPANY STO Sustainable Bonds (Record Id 316180),en,-6.967651617206725e+73,2025-09-16,
2025-09-23T151938Z,g00004743,2,lang_conf,0.98,4925,1995160a9f39e773,"Suspension af handel med beviser i foreningens afdelinger, Investeringsforeningen Maj Invest",da,-2.047294394635396e+67,2025-09-16,,1.0,4925,1995160a9f39e773,"Suspension af handel med beviser i foreningens afdelinger, Investeringsforeningen Maj Invest",da,-2.047294394635396e+67,2025-09-16,
2025-09-23T151938Z,g00004743,2,lang_conf,0.98,4917,1995215dedcef669,"Ophævelse af suspension, Investeringsforeningen Maj Invest",da,-2.6778310375968137e+51,2025-09-16,,0.9884204864501953,4925,1995160a9f39e773,"Suspension af handel med beviser i foreningens afdelinger, Investeringsforeningen Maj Invest",da,-2.047294394635396e+67,2025-09-16,
2025-09-23T151938Z,g00004873,2,lang_conf,0.98,4918,19952169b478b12e,"Ophævelse af suspension af handel med beviser i foreningens afdelinger, Investeringsforeningen COMPANY",da,-2.02472434590786e+77,2025-09-16,,1.0,4918,19952169b478b12e,"Ophævelse af suspension af handel med beviser i foreningens afdelinger, Investeringsforeningen COMPANY",da,-2.02472434590786e+77,2025-09-16,
2025-09-23T151938Z,g00004873,2,lang_conf,0.98,4939,1995182c5a601651,"Suspension af handel med beviser i foreningens afdelinger, Investeringsforeningen COMPANY",da,-3.501742930787368e+73,2025-09-16,,0.982771098613739,4918,19952169b478b12e,"Ophævelse af suspension af handel med beviser i foreningens afdelinger, Investeringsforeningen COMPANY",da,-2.02472434590786e+77,2025-09-16,
2025-09-23T151938Z,g00004877,2,lang_conf,0.98,4922,1995217a34a7d41c,Ophævelse af suspension af handel med beviser i foreningens afdelinger,da,-2.592009155341158e+57,2025-09-16,,1.0,4922,1995217a34a7d41c,Ophævelse af suspension af handel med beviser i foreningens afdelinger,da,-2.592009155341158e+57,2025-09-16,
2025-09-23T151938Z,g00004877,2,lang_conf,0.98,4936,1995180727ef2bd6,Suspension af handel med beviser i foreningens afdelinger,da,-9.919173219746815e+53,2025-09-16,,0.9886264801025391,4922,1995217a34a7d41c,Ophævelse af suspension af handel med beviser i foreningens afdelinger,da,-2.592009155341158e+57,2025-09-16,
2025-09-23T151938Z,g00004900,5,lang_conf,0.98,4963,199578504fb3f13f,Structured bond(s) issued by BNP Paribas Issuance B.V. will be admitted to trading on STO Structured Products (Record Id 315489),en,-3.4360580135548047e+62,2025-09-17,,1.0,4963,199578504fb3f13f,Structured bond(s) issued by BNP Paribas Issuance B.V. will be admitted to trading on STO Structured Products (Record Id 315489),en,-3.4360580135548047e+62,2025-09-17,
2025-09-23T151938Z,g00004900,5,lang_conf,0.98,4975,199578741fcace22,Structured bond(s) issued by BNP Paribas Issuance B.V. will be admitted to trading on STO Structured Products (Record Id 315491),en,-3.4360580135548047e+62,2025-09-17,,0.9986038208007812,4963,199578504fb3f13f,Structured bond(s) issued by BNP Paribas Issuance B.V. will be admitted to trading on STO Structured Products (Record Id 315489),en,-3.4360580135548047e+62,2025-09-17,
2025-09-23T151938Z,g00004900,5,lang_conf,0.98,5019,199578a954a90b6f,Structured bond(s) issued by BNP Paribas Issuance B.V. will be admitted to trading on STO Structured Products (Record Id 315478),en,-3.4360580135548047e+62,2025-09-17,,0.9981603622436523,4963,199578504fb3f13f,Structured bond(s) issued by BNP Paribas Issuance B.V. will be admitted to trading on STO Structured Products (Record Id 315489),en,-3.4360580135548047e+62,2025-09-17,
2025-09-23T151938Z,g00004900,5,lang_conf,0.98,4974,1995781624447f4d,Structured bond(s) issued by BNP Paribas Issuance B.V. will be admitted to trading on STO Structured Products (Record Id 315486),en,-3.4360580135548047e+62,2025-09-17,,0.9976198673248291,4963,199578504fb3f13f,Structured bond(s) issued by BNP Paribas Issuance B.V. will be admitted to trading on STO Structured Products (Record Id 315489),en,-3.4360580135548047e+62,2025-09-17,
2025-09-23T151938Z,g00004900,5,lang_conf,0.98,4980,199578cbf7585b9f,Structured bond(s) issued by BNP Paribas Issuance B.V. will be admitted to trading on STO Structured Products (Record Id 315628),en,-3.4360580135548047e+62,2025-09-17,,0.9962201118469238,4963,199578504fb3f13f,Structured bond(s) issued by BNP Paribas Issuance B.V. will be admitted to trading on STO Structured Products (Record Id 315489),en,-3.4360580135548047e+62,2025-09-17,
2025-09-23T151938Z,g00004923,2,lang_conf,0.98,4962,19957b4fe8d5fe92,Correction: Íslandsbanki hf.: Covered bond exchange offering results,en,-1.349453630682402e+92,2025-09-17,,1.0,4962,19957b4fe8d5fe92,Correction: Íslandsbanki hf.: Covered bond exchange offering results,en,-1.349453630682402e+92,2025-09-17,
2025-09-23T151938Z,g00004923,2,lang_conf,0.98,4965,199575973e0c7fd7,Íslandsbanki hf.: Covered bond exchange offering results,en,-2.3000212963852786e+88,2025-09-17,,0.9907265901565552,4962,19957b4fe8d5fe92,Correction: Íslandsbanki hf.: Covered bond exchange offering results,en,-1.349453630682402e+92,2025-09-17,
2025-09-23T151938Z,g00005055,2,lang_conf,0.98,5185,1995c83bc8a256f1,Sparinvest SICAV ophæver suspension af handel med afdeling,da,-3.766121554837694e+100,2025-09-18,,1.0,5185,1995c83bc8a256f1,Sparinvest SICAV ophæver suspension af handel med afdeling,da,-3.766121554837694e+100,2025-09-18,
2025-09-23T151938Z,g00005055,2,lang_conf,0.98,5206,1995bfbd7f224ed9,Sparinvest SICAV suspenderer handel med afdeling,da,-2.720298676204199e+92,2025-09-18,,0.9851740002632141,5185,1995c83bc8a256f1,Sparinvest SICAV ophæver suspension af handel med afdeling,da,-3.766121554837694e+100,2025-09-18,
2025-09-23T151938Z,g00005057,4,lang_conf,0.98,5255,1995c7f736906500,Structured bond(s) issued by Nordea Bank Abp will be admitted to trading on STO Structured Products (Record Id 316330),en,-2.7741009953164323e+61,2025-09-18,,1.0,5255,1995c7f736906500,Structured bond(s) issued by Nordea Bank Abp will be admitted to trading on STO Structured Products (Record Id 316330),en,-2.7741009953164323e+61,2025-09-18,
2025-09-23T151938Z,g00005057,4,lang_conf,0.98,5257,1995c81d974c0083,Structured bond(s) issued by Nordea Bank Abp will be admitted to trading on STO Structured Products (Record Id 316333),en,-2.7741009953164323e+61,2025-09-18,,0.9991596937179565,5255,1995c7f736906500,Structured bond(s) issued by Nordea Bank Abp will be admitted to trading on STO Structured Products (Record Id 316330),en,-2.7741009953164323e+61,2025-09-18,
2025-09-23T151938Z,g00005057,4,lang_conf,0.98,5256,1995c814921e4bdc,Structured bond(s) issued by Nordea Bank Abp will be admitted to trading on STO Structured Products (Record Id 316332),en,-2.7741009953164323e+61,2025-09-18,,0.9989374876022339,5255,1995c7f736906500,Structured bond(s) issued by Nordea Bank Abp will be admitted to trading on STO Structured Products (Record Id 316330),en,-2.7741009953164323e+61,2025-09-18,
2025-09-23T151938Z,g00005057,4,lang_conf,0.98,5261,1995c7ff9aaaa1e0,Structured bond(s) issued by Nordea Bank Abp will be admitted to trading on STO Structured Products (Record Id 316331),en,-2.7741009953164323e+61,2025-09-18,,0.9955297112464905,5255,1995c7f736906500,Structured bond(s) issued by Nordea Bank Abp will be admitted to trading on STO Structured Products (Record Id 316330),en,-2.7741009953164323e+61,2025-09-18,
2025-09-23T151938Z,g00005237,2,lang_conf,0.98,5399,19961538196e5896,Midlertidig suspension af handel,da,-1.888486119873254e+58,2025-09-19,,1.0,5399,19961538196e5896,Midlertidig suspension af handel,da,-1.888486119873254e+58,2025-09-19,
2025-09-23T151938Z,g00005237,2,lang_conf,0.98,5406,19961663e8d0633b,Ophævelse af midlertidig suspension af handel,da,-2.5967385004902358e+54,2025-09-19,,0.9902759790420532,5399,19961538196e5896,Midlertidig suspension af handel,da,-1.888486119873254e+58,2025-09-19,
2025-09-23T151938Z,g00005239,2,lang_conf,0.98,5404,199616163618a0f5,Structured bond(s) issued by Morgan Stanley & Co. International Plc will be admitted to trading on STO Structured Products (Record Id 316418),en,-1.8964368966229037e+67,2025-09-19,,1.0,5404,199616163618a0f5,Structured bond(s) issued by Morgan Stanley & Co. International Plc will be admitted to trading on STO Structured Products (Record Id 316418),en,-1.8964368966229037e+67,2025-09-19,
2025-09-23T151938Z,g00005239,2,lang_conf,0.98,5416,19961179f2c53dda,Structured bond(s) issued by Morgan Stanley & Co. International Plc will be admitted to trading on STO Structured Products (Record Id 316322),en,-1.8964368966229037e+67,2025-09-19,,0.9958044290542603,5404,199616163618a0f5,Structured bond(s) issued by Morgan Stanley & Co. International Plc will be admitted to trading on STO Structured Products (Record Id 316418),en,-1.8964368966229037e+67,2025-09-19,
2025-09-23T151938Z,g00005346,2,lang_conf,0.98,5427,199614e1e55bb75b,Midlertidig suspension af handel,da,-8.862272209990747e+54,2025-09-19,,1.0,5427,199614e1e55bb75b,Midlertidig suspension af handel,da,-8.862272209990747e+54,2025-09-19,
2025-09-23T151938Z,g00005346,2,lang_conf,0.98,5405,1996164eb5dbf731,Ophævelse af midlertidig suspension af handel,da,-1.21754132333304e+50,2025-09-19,,0.9904167056083679,5427,199614e1e55bb75b,Midlertidig suspension af handel,da,-8.862272209990747e+54,2025-09-19,
2025-09-23T151938Z,g00005385,2,lang_conf,0.98,5461,19971077a3207d54,CORRECTION: Reversed split and Change of ISIN for Summa Defence Oyj,en,-5.466706414739087e+49,2025-09-22,,1.0,5461,19971077a3207d54,CORRECTION: Reversed split and Change of ISIN for Summa Defence Oyj,en,-5.466706414739087e+49,2025-09-22,
2025-09-23T151938Z,g00005385,2,lang_conf,0.98,5610,19970bcb56d1af4a,Split and Change of ISIN for Summa Defence Oyj,en,-2.039255257562272e+48,2025-09-22,,0.9896180629730225,5461,19971077a3207d54,CORRECTION: Reversed split and Change of ISIN for Summa Defence Oyj,en,-5.466706414739087e+49,2025-09-22,
2025-09-23T151938Z,g00005386,2,lang_conf,0.98,5470,1997106cdb352660,Structured bond(s) issued by Morgan Stanley & Co. International Plc will be admitted to trading on STO Structured Products (Record Id 316413),en,-1.8964368966229037e+67,2025-09-22,,1.0,5470,1997106cdb352660,Structured bond(s) issued by Morgan Stanley & Co. International Plc will be admitted to trading on STO Structured Products (Record Id 316413),en,-1.8964368966229037e+67,2025-09-22,
2025-09-23T151938Z,g00005386,2,lang_conf,0.98,5471,199710765cf319bf,Structured bond(s) issued by Morgan Stanley & Co. International Plc will be admitted to trading on STO Structured Products (Record Id 316417),en,-1.8964368966229037e+67,2025-09-22,,0.9972745180130005,5470,1997106cdb352660,Structured bond(s) issued by Morgan Stanley & Co. International Plc will be admitted to trading on STO Structured Products (Record Id 316413),en,-1.8964368966229037e+67,2025-09-22,
2025-09-23T151938Z,g00005395,3,lang_conf,0.98,5616,19970ce2389fcc8f,Structured bond(s) issued by Nordea Bank Abp will be admitted to trading on STO Structured Products (Record Id 316643),en,-2.7741009953164323e+61,2025-09-22,,1.0,5616,19970ce2389fcc8f,Structured bond(s) issued by Nordea Bank Abp will be admitted to trading on STO Structured Products (Record Id 316643),en,-2.7741009953164323e+61,2025-09-22,
2025-09-23T151938Z,g00005395,3,lang_conf,0.98,5617,19970cf50335d874,Structured bond(s) issued by Nordea Bank Abp will be admitted to trading on STO Structured Products (Record Id 316644),en,-2.7741009953164323e+61,2025-09-22,,0.9981944561004639,5616,19970ce2389fcc8f,Structured bond(s) issued by Nordea Bank Abp will be admitted to trading on STO Structured Products (Record Id 316643),en,-2.7741009953164323e+61,2025-09-22,
2025-09-23T151938Z,g00005395,3,lang_conf,0.98,5618,19970d10be1d3883,Structured bond(s) issued by Nordea Bank Abp will be admitted to trading on STO Structured Products (Record Id 316645),en,-2.7741009953164323e+61,2025-09-22,,0.9973506927490234,5616,19970ce2389fcc8f,Structured bond(s) issued by Nordea Bank Abp will be admitted to trading on STO Structured Products (Record Id 316643),en,-2.7741009953164323e+61,2025-09-22,
