run_id,taxonomy_version,timestamp_utc,n_docs,use_subset,emb_model,fuse_alpha,temp_emb,temp_lsa,agreement_rate_emb_lsa,avg_margin_fused,avg_entropy_fused,avg_neighbor_consistency_k10,p10_neighbor_consistency_k10,rate_auto_assign,rate_needs_review_margin,rate_needs_review_low_sim,share_final_by_rules,category_counts_json,decision_counts_json
2025-09-03T150230Z,v3,2025-09-03T150230Z,3407,0,intfloat/multilingual-e5-base,0.6,1.0,0.8,0.3921338420898151,0.0010073084825359554,2.9443458467860286,0.5808042265923099,0.0,0.22424420311124157,0.03551511593777517,0.7402406809509833,0.36131493982976226,"{""other_corporate_update"": 2176, ""legal_regulatory_compliance"": 145, ""share_buyback"": 77, ""earnings_report"": 245, ""product_launch_partnership"": 159, ""equity_actions_non_buyback"": 7, ""personnel_management_change"": 131, ""debt_bond_issue"": 129, ""orders_contracts"": 207, ""credit_ratings"": 4, ""agm_egm_governance"": 81, ""dividend"": 6, ""capital_raise_rights_issue"": 28, ""admission_listing"": 7, ""admission_delisting"": 4, ""pdmr_managers_transactions"": 1}","{""needs_review_low_sim"": 57, ""abstained"": 2116, ""by_rules"": 1231, ""auto_assign"": 3}"
2025-09-03T151602Z,v3,2025-09-03T151602Z,3407,0,intfloat/multilingual-e5-base,0.6,1.0,0.8,0.3921338420898151,0.0010073084825359554,2.9443458467860286,0.5808042265923099,0.0,0.22424420311124157,0.03551511593777517,0.7402406809509833,0.36131493982976226,"{""other_corporate_update"": 2176, ""legal_regulatory_compliance"": 145, ""share_buyback"": 77, ""earnings_report"": 245, ""product_launch_partnership"": 159, ""equity_actions_non_buyback"": 7, ""personnel_management_change"": 131, ""debt_bond_issue"": 129, ""orders_contracts"": 207, ""credit_ratings"": 4, ""agm_egm_governance"": 81, ""dividend"": 6, ""capital_raise_rights_issue"": 28, ""admission_listing"": 7, ""admission_delisting"": 4, ""pdmr_managers_transactions"": 1}","{""needs_review_low_sim"": 57, ""abstained"": 2116, ""by_rules"": 1231, ""auto_assign"": 3}"
2025-09-04T082238Z,v3,2025-09-04T082238Z,3507,0,intfloat/multilingual-e5-base,0.6,1.0,0.8,0.39064727687482176,0.0010104362703165098,2.944345166809239,0.5818933561448532,0.0,0.22383803820929568,0.03706871970345024,0.739093242087254,0.360136869118905,"{""other_corporate_update"": 60, ""labor_workforce"": 21, ""product_launch_partnership"": 272, ""earnings_report"": 617, ""legal_regulatory_compliance"": 166, ""credit_ratings"": 42, ""admission_delisting"": 155, ""equity_actions_non_buyback"": 177, ""agm_egm_governance"": 132, ""share_buyback"": 536, ""debt_bond_issue"": 293, ""dividend"": 85, ""orders_contracts"": 264, ""incidents_controversies"": 19, ""capital_raise_rights_issue"": 135, ""personnel_management_change"": 206, ""mna"": 15, ""admission_listing"": 135, ""pdmr_managers_transactions"": 177}","{""needs_review_low_sim"": 1648, ""by_rules"": 1263, ""auto_assign"": 493, ""needs_review_margin"": 103}"
2025-09-04T104351Z,v3,2025-09-04T104351Z,3530,0,intfloat/multilingual-e5-base,0.6,1.0,0.8,0.38611898016997165,0.3373862322946175,2.1352267422096314,0.4848158640226629,0.0,0.996600566572238,0.0033994334277620396,0.0,0.3594900849858357,"{""other_corporate_update"": 60, ""labor_workforce"": 69, ""equity_actions_non_buyback"": 91, ""pdmr_managers_transactions"": 232, ""admission_listing"": 155, ""product_launch_partnership"": 265, ""earnings_report"": 530, ""legal_regulatory_compliance"": 186, ""admission_delisting"": 104, ""agm_egm_governance"": 153, ""share_buyback"": 499, ""capital_raise_rights_issue"": 121, ""debt_bond_issue"": 440, ""credit_ratings"": 46, ""incidents_controversies"": 62, ""personnel_management_change"": 187, ""mna"": 42, ""dividend"": 45, ""orders_contracts"": 243}","{""auto_assign"": 2252, ""by_rules"": 1269, ""needs_review_margin"": 9}"
2025-09-04T113036Z,v3,2025-09-04T113036Z,3540,0,intfloat/multilingual-e5-base,0.6,1.0,0.8,0.3855932203389831,0.0018854519774011299,2.94397604519774,0.5259039548022598,0.0,0.5209039548022599,0.22966101694915253,0.24943502824858757,0.3587570621468927,"{""other_corporate_update"": 65, ""labor_workforce"": 56, ""product_launch_partnership"": 260, ""capital_raise_rights_issue"": 119, ""earnings_report"": 551, ""legal_regulatory_compliance"": 185, ""admission_delisting"": 100, ""agm_egm_governance"": 145, ""share_buyback"": 590, ""debt_bond_issue"": 427, ""credit_ratings"": 59, ""incidents_controversies"": 55, ""personnel_management_change"": 194, ""mna"": 49, ""equity_actions_non_buyback"": 78, ""pdmr_managers_transactions"": 210, ""admission_listing"": 110, ""dividend"": 44, ""orders_contracts"": 243}","{""auto_assign"": 1142, ""needs_review_margin"": 541, ""needs_review_low_sim"": 587, ""by_rules"": 1270}"
2025-09-04T125242Z,v3,2025-09-04T125242Z,3549,0,intfloat/multilingual-e5-base,0.6,0.6,0.8,0.3857424626655396,0.31209481544096934,1.724891969568893,0.5285432516201747,0.0,0.9991546914623838,0.0008453085376162299,0.0,0.35869258946182025,"{""other_corporate_update"": 86, ""labor_workforce"": 57, ""earnings_report"": 580, ""product_launch_partnership"": 274, ""legal_regulatory_compliance"": 192, ""credit_ratings"": 78, ""personnel_management_change"": 231, ""agm_egm_governance"": 148, ""share_buyback"": 537, ""debt_bond_issue"": 366, ""orders_contracts"": 253, ""incidents_controversies"": 58, ""admission_delisting"": 100, ""mna"": 47, ""equity_actions_non_buyback"": 59, ""pdmr_managers_transactions"": 202, ""capital_raise_rights_issue"": 109, ""dividend"": 43, ""admission_listing"": 129}","{""auto_assign"": 2275, ""by_rules"": 1273, ""needs_review_margin"": 1}"
2025-09-04T132521Z,v3,2025-09-04T132521Z,3555,0,intfloat/multilingual-e5-base,0.6,0.6,0.8,0.38452883263009846,0.3117592405063291,1.7251596624472574,0.5272573839662448,0.0,0.9985935302390999,0.0014064697609001407,0.0,0.35808720112517584,"{""other_corporate_update"": 2282, ""legal_regulatory_compliance"": 149, ""share_buyback"": 79, ""earnings_report"": 247, ""product_launch_partnership"": 168, ""equity_actions_non_buyback"": 7, ""personnel_management_change"": 136, ""debt_bond_issue"": 136, ""orders_contracts"": 216, ""credit_ratings"": 4, ""agm_egm_governance"": 83, ""dividend"": 6, ""capital_raise_rights_issue"": 28, ""admission_listing"": 7, ""admission_delisting"": 5, ""pdmr_managers_transactions"": 2}","{""auto_assign"": 86, ""abstained"": 2196, ""by_rules"": 1273}"
2025-09-04T134112Z,v3,2025-09-04T134112Z,3559,0,intfloat/multilingual-e5-base,0.6,0.6,0.8,0.384939589772408,0.3116388592301208,1.7254809216071931,0.5272548468670974,0.0,0.9988760887889857,0.00112391121101433,0.0,0.35796572070806404,"{""other_corporate_update"": 2285, ""legal_regulatory_compliance"": 149, ""share_buyback"": 79, ""earnings_report"": 247, ""product_launch_partnership"": 169, ""equity_actions_non_buyback"": 7, ""personnel_management_change"": 136, ""debt_bond_issue"": 136, ""orders_contracts"": 216, ""credit_ratings"": 4, ""agm_egm_governance"": 83, ""dividend"": 6, ""capital_raise_rights_issue"": 28, ""admission_listing"": 7, ""admission_delisting"": 5, ""pdmr_managers_transactions"": 2}","{""auto_assign"": 86, ""abstained"": 2199, ""by_rules"": 1274}"
2025-09-04T142611Z,v3,2025-09-04T142611Z,3564,0,intfloat/multilingual-e5-base,0.6,0.6,0.8,0.38552188552188554,0.3116809764309765,1.7248706790123456,0.5304994388327721,0.0,0.9980359147025814,0.001964085297418631,0.0,0.35774410774410775,"{""other_corporate_update"": 2289, ""legal_regulatory_compliance"": 150, ""share_buyback"": 79, ""earnings_report"": 247, ""product_launch_partnership"": 169, ""equity_actions_non_buyback"": 7, ""personnel_management_change"": 136, ""debt_bond_issue"": 136, ""orders_contracts"": 216, ""credit_ratings"": 4, ""agm_egm_governance"": 83, ""dividend"": 6, ""capital_raise_rights_issue"": 28, ""admission_listing"": 7, ""admission_delisting"": 5, ""pdmr_managers_transactions"": 2}","{""auto_assign"": 86, ""abstained"": 2203, ""by_rules"": 1275}"
2025-09-05T063826Z,v3,2025-09-05T063826Z,3634,0,intfloat/multilingual-e5-base,0.6,0.6,0.8,0.372041827187672,0.3123162080352229,1.7208579801871215,0.5322784810126582,0.0,0.9980737479361586,0.001926252063841497,0.0,0.35828288387451845,"{""other_corporate_update"": 317, ""labor_workforce"": 66, ""earnings_report"": 579, ""product_launch_partnership"": 276, ""legal_regulatory_compliance"": 187, ""credit_ratings"": 65, ""agm_egm_governance"": 146, ""equity_actions_non_buyback"": 52, ""share_buyback"": 470, ""capital_raise_rights_issue"": 95, ""debt_bond_issue"": 364, ""incidents_controversies"": 48, ""admission_delisting"": 81, ""mna"": 47, ""personnel_management_change"": 228, ""pdmr_managers_transactions"": 194, ""dividend"": 41, ""orders_contracts"": 253, ""admission_listing"": 125}","{""auto_assign"": 2104, ""abstained"": 228, ""by_rules"": 1302}"
2025-09-05T093309Z,v3,2025-09-05T093309Z,3682,0,intfloat/multilingual-e5-base,0.6,0.6,0.8,0.38783269961977185,0.31890309614340034,1.7091200706137968,0.5352525801195003,0.0,0.9967409016838674,0.0032590983161325366,0.0,0.3438348723519826,"{""other_corporate_update"": 311, ""labor_workforce"": 59, ""earnings_report"": 561, ""product_launch_partnership"": 281, ""legal_regulatory_compliance"": 189, ""credit_ratings"": 82, ""agm_egm_governance"": 130, ""share_buyback"": 500, ""capital_raise_rights_issue"": 101, ""debt_bond_issue"": 360, ""incidents_controversies"": 47, ""admission_delisting"": 78, ""mna"": 48, ""equity_actions_non_buyback"": 44, ""personnel_management_change"": 251, ""pdmr_managers_transactions"": 212, ""dividend"": 44, ""orders_contracts"": 257, ""admission_listing"": 127}","{""auto_assign"": 2193, ""abstained"": 221, ""by_rules"": 1266, ""needs_review_margin"": 2}"
2025-09-05T095850Z,v3,2025-09-05T095850Z,3682,0,intfloat/multilingual-e5-base,0.6,0.6,0.8,0.38783269961977185,0.31890309614340034,1.7091200706137968,0.5352525801195003,0.0,0.9967409016838674,0.0032590983161325366,0.0,0.3438348723519826,"{""other_corporate_update"": 305, ""labor_workforce"": 60, ""earnings_report"": 580, ""product_launch_partnership"": 267, ""legal_regulatory_compliance"": 190, ""credit_ratings"": 86, ""agm_egm_governance"": 135, ""share_buyback"": 511, ""capital_raise_rights_issue"": 106, ""debt_bond_issue"": 362, ""incidents_controversies"": 44, ""admission_delisting"": 71, ""mna"": 45, ""equity_actions_non_buyback"": 42, ""orders_contracts"": 243, ""personnel_management_change"": 260, ""pdmr_managers_transactions"": 211, ""dividend"": 44, ""admission_listing"": 120}","{""auto_assign"": 2196, ""abstained"": 218, ""by_rules"": 1266, ""needs_review_margin"": 2}"
2025-09-05T103049Z,v3,2025-09-05T103049Z,3684,0,intfloat/multilingual-e5-base,0.6,0.6,0.8,0.38870792616720956,0.3190321932681867,1.7087714169381105,0.5354234527687296,0.0,0.996471226927253,0.003528773072747014,0.0,0.35939196525515743,"{""other_corporate_update"": 296, ""labor_workforce"": 58, ""earnings_report"": 565, ""product_launch_partnership"": 260, ""legal_regulatory_compliance"": 189, ""credit_ratings"": 84, ""agm_egm_governance"": 124, ""share_buyback"": 512, ""capital_raise_rights_issue"": 108, ""debt_bond_issue"": 360, ""incidents_controversies"": 41, ""admission_delisting"": 71, ""mna"": 43, ""equity_actions_non_buyback"": 42, ""orders_contracts"": 238, ""personnel_management_change"": 319, ""pdmr_managers_transactions"": 209, ""dividend"": 45, ""admission_listing"": 120}","{""auto_assign"": 2146, ""abstained"": 212, ""by_rules"": 1324, ""needs_review_margin"": 2}"
2025-09-05T121319Z,v3,2025-09-05T121319Z,3704,0,intfloat/multilingual-e5-base,0.6,0.6,0.8,0.39146868250539957,0.3198466252699784,1.7068766738660908,0.5340442764578833,0.0,0.9970302375809935,0.0029697624190064796,0.0,0.38957883369330454,"{""other_corporate_update"": 283, ""labor_workforce"": 49, ""mna"": 246, ""product_launch_partnership"": 240, ""earnings_report"": 524, ""legal_regulatory_compliance"": 187, ""credit_ratings"": 84, ""agm_egm_governance"": 118, ""share_buyback"": 500, ""capital_raise_rights_issue"": 92, ""incidents_controversies"": 41, ""debt_bond_issue"": 347, ""admission_delisting"": 70, ""equity_actions_non_buyback"": 44, ""orders_contracts"": 217, ""personnel_management_change"": 317, ""pdmr_managers_transactions"": 197, ""dividend"": 35, ""admission_listing"": 113}","{""auto_assign"": 2060, ""abstained"": 201, ""by_rules"": 1443}"
2025-09-05T143523Z,v3,2025-09-05T143523Z,3722,0,intfloat/multilingual-e5-base,0.6,0.6,0.8,0.3909188608275121,0.3204396829661472,1.7057128156904888,0.5357603439011284,0.0,0.9962385814078453,0.0037614185921547557,0.0,0.7477162815690489,"{""other_corporate_update"": 159, ""labor_workforce"": 27, ""pdmr_managers_transactions"": 1945, ""mna"": 53, ""personnel_management_change"": 321, ""product_launch_partnership"": 89, ""earnings_report"": 265, ""legal_regulatory_compliance"": 184, ""credit_ratings"": 56, ""agm_egm_governance"": 67, ""share_buyback"": 78, ""admission_delisting"": 36, ""orders_contracts"": 75, ""capital_raise_rights_issue"": 51, ""dividend"": 19, ""debt_bond_issue"": 109, ""incidents_controversies"": 21, ""admission_listing"": 148, ""equity_actions_non_buyback"": 19}","{""auto_assign"": 834, ""by_rules"": 2783, ""abstained"": 105}"
2025-09-05T150041Z,v3,2025-09-05T150041Z,3723,0,intfloat/multilingual-e5-base,0.6,0.6,0.8,0.39027665860864896,0.32060819231802307,1.7053399140478107,0.5361267794789148,0.0,0.9959709911361805,0.0040290088638195,0.0,0.5369325812516788,"{""other_corporate_update"": 233, ""labor_workforce"": 43, ""mna"": 267, ""personnel_management_change"": 567, ""product_launch_partnership"": 152, ""earnings_report"": 523, ""legal_regulatory_compliance"": 190, ""credit_ratings"": 61, ""agm_egm_governance"": 94, ""share_buyback"": 466, ""incidents_controversies"": 33, ""debt_bond_issue"": 322, ""admission_delisting"": 45, ""equity_actions_non_buyback"": 38, ""orders_contracts"": 203, ""pdmr_managers_transactions"": 201, ""capital_raise_rights_issue"": 80, ""dividend"": 30, ""admission_listing"": 175}","{""auto_assign"": 1561, ""by_rules"": 1999, ""abstained"": 163}"
2025-09-22T143320Z,v3,2025-09-22T143320Z,5489,0,intfloat/multilingual-e5-base,0.6,0.6,0.8,0.38859537256330845,0.32454212060484605,1.6760524503552563,0.581927491346329,0.0,0.9967207141555839,0.003279285844416105,0.0,0.5153944252140645,"{""other_corporate_update"": 111, ""labor_workforce"": 86, ""mna"": 374, ""personnel_management_change"": 817, ""product_launch_partnership"": 241, ""earnings_report"": 641, ""credit_ratings"": 96, ""legal_regulatory_compliance"": 292, ""admission_delisting"": 92, ""agm_egm_governance"": 176, ""equity_actions_non_buyback"": 69, ""share_buyback"": 773, ""debt_bond_issue"": 579, ""incidents_controversies"": 52, ""orders_contracts"": 302, ""pdmr_managers_transactions"": 302, ""capital_raise_rights_issue"": 115, ""dividend"": 65, ""admission_listing"": 306}","{""auto_assign"": 2650, ""by_rules"": 2829, ""needs_review_margin"": 10}"
2025-09-23T122353Z,v3,2025-09-23T122353Z,5711,0,intfloat/multilingual-e5-base,0.6,0.6,0.8,0.38802311329014183,0.3225044125372089,1.67634442304325,0.5842059184030818,0.0,0.9961477849763614,0.0038522150236385924,0.0,0.9304850288916127,"{""other_corporate_update"": 33, ""admission_listing"": 4380, ""mna"": 87, ""earnings_report"": 121, ""credit_ratings"": 40, ""legal_regulatory_compliance"": 231, ""admission_delisting"": 172, ""agm_egm_governance"": 78, ""equity_actions_non_buyback"": 15, ""product_launch_partnership"": 41, ""share_buyback"": 69, ""debt_bond_issue"": 255, ""incidents_controversies"": 16, ""personnel_management_change"": 51, ""pdmr_managers_transactions"": 72, ""capital_raise_rights_issue"": 6, ""dividend"": 9, ""orders_contracts"": 28, ""labor_workforce"": 7}","{""auto_assign"": 395, ""by_rules"": 5314, ""needs_review_margin"": 2}"
2025-09-23T125352Z,v3,2025-09-23T125352Z,5711,0,intfloat/multilingual-e5-base,0.6,0.6,0.8,0.38802311329014183,0.3225044125372089,1.67634442304325,0.5842059184030818,0.0,0.9961477849763614,0.0038522150236385924,0.0,0.5696025214498337,"{""other_corporate_update"": 100, ""labor_workforce"": 77, ""mna"": 582, ""personnel_management_change"": 813, ""product_launch_partnership"": 216, ""earnings_report"": 603, ""credit_ratings"": 98, ""legal_regulatory_compliance"": 281, ""admission_delisting"": 223, ""agm_egm_governance"": 212, ""equity_actions_non_buyback"": 67, ""share_buyback"": 812, ""admission_listing"": 350, ""debt_bond_issue"": 479, ""incidents_controversies"": 58, ""orders_contracts"": 308, ""pdmr_managers_transactions"": 260, ""capital_raise_rights_issue"": 108, ""dividend"": 64}","{""auto_assign"": 2445, ""by_rules"": 3253, ""needs_review_margin"": 13}"
2025-09-23T134457Z,v3,2025-09-23T134457Z,5711,0,intfloat/multilingual-e5-base,0.6,0.6,0.8,0.38802311329014183,0.3225044125372089,1.67634442304325,0.5842059184030818,0.0,0.9961477849763614,0.0038522150236385924,0.0,0.5358080896515497,"{""other_corporate_update"": 117, ""labor_workforce"": 85, ""mna"": 301, ""personnel_management_change"": 839, ""product_launch_partnership"": 250, ""earnings_report"": 674, ""credit_ratings"": 100, ""legal_regulatory_compliance"": 289, ""admission_delisting"": 228, ""agm_egm_governance"": 218, ""equity_actions_non_buyback"": 69, ""share_buyback"": 827, ""admission_listing"": 352, ""debt_bond_issue"": 492, ""incidents_controversies"": 63, ""orders_contracts"": 312, ""pdmr_managers_transactions"": 309, ""capital_raise_rights_issue"": 115, ""dividend"": 71}","{""auto_assign"": 2638, ""by_rules"": 3060, ""needs_review_margin"": 13}"
2025-09-23T142156Z,v3,2025-09-23T142156Z,5711,0,intfloat/multilingual-e5-base,0.6,0.6,0.8,0.38802311329014183,0.3225044125372089,1.67634442304325,0.5842059184030818,0.0,0.9961477849763614,0.0038522150236385924,0.0,0.5696025214498337,"{""other_corporate_update"": 100, ""labor_workforce"": 77, ""mna"": 582, ""personnel_management_change"": 813, ""product_launch_partnership"": 216, ""earnings_report"": 603, ""credit_ratings"": 98, ""legal_regulatory_compliance"": 281, ""admission_delisting"": 223, ""agm_egm_governance"": 212, ""equity_actions_non_buyback"": 67, ""share_buyback"": 812, ""admission_listing"": 350, ""debt_bond_issue"": 479, ""incidents_controversies"": 58, ""orders_contracts"": 308, ""pdmr_managers_transactions"": 260, ""capital_raise_rights_issue"": 108, ""dividend"": 64}","{""auto_assign"": 2445, ""by_rules"": 3253, ""needs_review_margin"": 13}"
2025-09-23T151938Z,v3,2025-09-23T151938Z,5711,0,intfloat/multilingual-e5-base,0.6,0.6,0.8,0.38802311329014183,0.3225044125372089,1.67634442304325,0.5842059184030818,0.0,0.9961477849763614,0.0038522150236385924,0.0,0.5696025214498337,"{""other_corporate_update"": 100, ""labor_workforce"": 77, ""mna"": 582, ""personnel_management_change"": 813, ""product_launch_partnership"": 216, ""earnings_report"": 603, ""credit_ratings"": 98, ""legal_regulatory_compliance"": 281, ""admission_delisting"": 223, ""agm_egm_governance"": 212, ""equity_actions_non_buyback"": 67, ""share_buyback"": 812, ""admission_listing"": 350, ""debt_bond_issue"": 479, ""incidents_controversies"": 58, ""orders_contracts"": 308, ""pdmr_managers_transactions"": 260, ""capital_raise_rights_issue"": 108, ""dividend"": 64}","{""auto_assign"": 2445, ""by_rules"": 3253, ""needs_review_margin"": 13}"
2025-09-24T065350Z,v3,2025-09-24T065350Z,190,0,intfloat/multilingual-e5-base,0.6,0.6,0.8,0.20526315789473684,0.1851521052631579,1.9240252631578947,0.15842105263157893,0.0,0.9894736842105263,0.010526315789473684,0.0,0.5473684210526316,"{""other_corporate_update"": 5, ""labor_workforce"": 6, ""mna"": 32, ""personnel_management_change"": 35, ""credit_ratings"": 4, ""product_launch_partnership"": 10, ""earnings_report"": 15, ""incidents_controversies"": 12, ""admission_delisting"": 4, ""legal_regulatory_compliance"": 10, ""capital_raise_rights_issue"": 3, ""share_buyback"": 11, ""debt_bond_issue"": 13, ""orders_contracts"": 10, ""admission_listing"": 11, ""agm_egm_governance"": 2, ""dividend"": 2, ""pdmr_managers_transactions"": 5}","{""auto_assign"": 84, ""by_rules"": 104, ""needs_review_margin"": 2}"
2025-09-24T065828Z,v3,2025-09-24T065828Z,190,0,intfloat/multilingual-e5-base,0.6,0.6,0.8,0.20526315789473684,0.1851521052631579,1.9240252631578947,0.15842105263157893,0.0,0.9894736842105263,0.010526315789473684,0.0,0.5473684210526316,"{""other_corporate_update"": 5, ""labor_workforce"": 6, ""mna"": 32, ""personnel_management_change"": 35, ""credit_ratings"": 4, ""product_launch_partnership"": 10, ""earnings_report"": 15, ""incidents_controversies"": 12, ""admission_delisting"": 4, ""legal_regulatory_compliance"": 10, ""capital_raise_rights_issue"": 3, ""share_buyback"": 11, ""debt_bond_issue"": 13, ""orders_contracts"": 10, ""admission_listing"": 11, ""agm_egm_governance"": 2, ""dividend"": 2, ""pdmr_managers_transactions"": 5}","{""auto_assign"": 84, ""by_rules"": 104, ""needs_review_margin"": 2}"
2025-09-24T072351Z,v3,2025-09-24T072351Z,190,0,intfloat/multilingual-e5-base,0.6,0.6,0.8,0.20526315789473684,0.1851521052631579,1.9240252631578947,0.15842105263157893,0.0,0.9894736842105263,0.010526315789473684,0.0,0.5368421052631579,"{""other_corporate_update"": 5, ""labor_workforce"": 6, ""mna"": 34, ""personnel_management_change"": 32, ""credit_ratings"": 4, ""product_launch_partnership"": 10, ""earnings_report"": 16, ""incidents_controversies"": 12, ""admission_delisting"": 4, ""legal_regulatory_compliance"": 10, ""capital_raise_rights_issue"": 3, ""share_buyback"": 11, ""debt_bond_issue"": 13, ""orders_contracts"": 10, ""admission_listing"": 11, ""agm_egm_governance"": 2, ""dividend"": 2, ""pdmr_managers_transactions"": 5}","{""auto_assign"": 86, ""by_rules"": 102, ""needs_review_margin"": 2}"
2025-09-24T081313Z,v3,2025-09-24T081313Z,190,0,intfloat/multilingual-e5-base,0.6,0.6,0.8,0.20526315789473684,0.1851521052631579,1.9240252631578947,0.15842105263157893,0.0,0.9894736842105263,0.010526315789473684,0.0,0.5421052631578948,"{""other_corporate_update"": 5, ""labor_workforce"": 6, ""mna"": 33, ""personnel_management_change"": 34, ""credit_ratings"": 4, ""product_launch_partnership"": 10, ""earnings_report"": 15, ""incidents_controversies"": 12, ""admission_delisting"": 4, ""legal_regulatory_compliance"": 10, ""capital_raise_rights_issue"": 3, ""share_buyback"": 11, ""debt_bond_issue"": 13, ""orders_contracts"": 10, ""admission_listing"": 11, ""agm_egm_governance"": 2, ""dividend"": 2, ""pdmr_managers_transactions"": 5}","{""auto_assign"": 85, ""by_rules"": 103, ""needs_review_margin"": 2}"
2025-09-24T082158Z,v3,2025-09-24T082158Z,190,0,intfloat/multilingual-e5-base,0.6,0.6,0.8,0.20526315789473684,0.1851521052631579,1.9240252631578947,0.15842105263157893,0.0,0.9894736842105263,0.010526315789473684,0.0,0.5368421052631579,"{""other_corporate_update"": 5, ""labor_workforce"": 6, ""mna"": 33, ""personnel_management_change"": 34, ""credit_ratings"": 4, ""product_launch_partnership"": 10, ""earnings_report"": 15, ""incidents_controversies"": 12, ""admission_delisting"": 4, ""legal_regulatory_compliance"": 10, ""capital_raise_rights_issue"": 3, ""share_buyback"": 11, ""debt_bond_issue"": 13, ""orders_contracts"": 10, ""admission_listing"": 11, ""agm_egm_governance"": 2, ""dividend"": 2, ""pdmr_managers_transactions"": 5}","{""auto_assign"": 86, ""by_rules"": 102, ""needs_review_margin"": 2}"
2025-09-24T084713Z,v3,2025-09-24T084713Z,190,0,intfloat/multilingual-e5-base,0.6,0.6,0.8,0.20526315789473684,0.1851521052631579,1.9240252631578947,0.15842105263157893,0.0,0.9894736842105263,0.010526315789473684,0.0,0.5421052631578948,"{""other_corporate_update"": 5, ""labor_workforce"": 6, ""mna"": 33, ""personnel_management_change"": 35, ""credit_ratings"": 4, ""product_launch_partnership"": 10, ""earnings_report"": 15, ""incidents_controversies"": 11, ""admission_delisting"": 4, ""legal_regulatory_compliance"": 10, ""capital_raise_rights_issue"": 3, ""share_buyback"": 11, ""debt_bond_issue"": 13, ""orders_contracts"": 10, ""admission_listing"": 11, ""agm_egm_governance"": 2, ""dividend"": 2, ""pdmr_managers_transactions"": 5}","{""auto_assign"": 86, ""by_rules"": 103, ""needs_review_margin"": 1}"
2025-09-24T090804Z,v3,2025-09-24T090804Z,190,0,intfloat/multilingual-e5-base,0.6,0.6,0.8,0.20526315789473684,0.1851521052631579,1.9240252631578947,0.15842105263157893,0.0,0.9894736842105263,0.010526315789473684,0.0,0.5473684210526316,"{""other_corporate_update"": 5, ""labor_workforce"": 7, ""mna"": 34, ""credit_ratings"": 4, ""personnel_management_change"": 31, ""product_launch_partnership"": 10, ""earnings_report"": 18, ""incidents_controversies"": 11, ""admission_delisting"": 4, ""legal_regulatory_compliance"": 10, ""capital_raise_rights_issue"": 3, ""share_buyback"": 11, ""debt_bond_issue"": 13, ""orders_contracts"": 10, ""admission_listing"": 11, ""agm_egm_governance"": 2, ""pdmr_managers_transactions"": 5, ""dividend"": 1}","{""auto_assign"": 85, ""by_rules"": 104, ""needs_review_margin"": 1}"
2025-09-24T091229Z,v3,2025-09-24T091229Z,190,0,intfloat/multilingual-e5-base,0.6,0.6,0.8,0.20526315789473684,0.1851521052631579,1.9240252631578947,0.15842105263157893,0.0,0.9894736842105263,0.010526315789473684,0.0,0.5473684210526316,"{""other_corporate_update"": 5, ""labor_workforce"": 7, ""mna"": 34, ""credit_ratings"": 4, ""personnel_management_change"": 31, ""product_launch_partnership"": 10, ""earnings_report"": 18, ""incidents_controversies"": 11, ""admission_delisting"": 4, ""legal_regulatory_compliance"": 10, ""capital_raise_rights_issue"": 3, ""share_buyback"": 11, ""debt_bond_issue"": 13, ""orders_contracts"": 10, ""admission_listing"": 11, ""agm_egm_governance"": 2, ""pdmr_managers_transactions"": 5, ""dividend"": 1}","{""auto_assign"": 85, ""by_rules"": 104, ""needs_review_margin"": 1}"
2025-09-24T100001Z,v3,2025-09-24T100001Z,190,0,intfloat/multilingual-e5-base,0.6,0.6,0.8,0.20526315789473684,0.1851521052631579,1.9240252631578947,0.15842105263157893,0.0,0.9894736842105263,0.010526315789473684,0.0,0.46842105263157896,"{""other_corporate_update"": 5, ""labor_workforce"": 7, ""mna"": 34, ""credit_ratings"": 5, ""personnel_management_change"": 22, ""product_launch_partnership"": 8, ""earnings_report"": 19, ""incidents_controversies"": 14, ""admission_delisting"": 4, ""debt_bond_issue"": 14, ""legal_regulatory_compliance"": 13, ""capital_raise_rights_issue"": 3, ""orders_contracts"": 10, ""admission_listing"": 11, ""dividend"": 3, ""share_buyback"": 11, ""pdmr_managers_transactions"": 5, ""agm_egm_governance"": 2}","{""auto_assign"": 100, ""by_rules"": 89, ""needs_review_margin"": 1}"
2025-09-24T102652Z,v3,2025-09-24T102652Z,190,0,intfloat/multilingual-e5-base,0.6,0.6,0.8,0.20526315789473684,0.1851521052631579,1.9240252631578947,0.15842105263157893,0.0,0.9894736842105263,0.010526315789473684,0.0,0.46842105263157896,"{""other_corporate_update"": 5, ""labor_workforce"": 7, ""mna"": 34, ""credit_ratings"": 5, ""personnel_management_change"": 22, ""product_launch_partnership"": 8, ""earnings_report"": 19, ""incidents_controversies"": 14, ""admission_delisting"": 4, ""debt_bond_issue"": 14, ""legal_regulatory_compliance"": 13, ""capital_raise_rights_issue"": 3, ""orders_contracts"": 10, ""admission_listing"": 11, ""dividend"": 3, ""share_buyback"": 11, ""pdmr_managers_transactions"": 5, ""agm_egm_governance"": 2}","{""auto_assign"": 100, ""by_rules"": 89, ""needs_review_margin"": 1}"
2025-09-24T103957Z,v3,2025-09-24T103957Z,190,0,intfloat/multilingual-e5-base,0.6,0.6,0.8,0.20526315789473684,0.1851521052631579,1.9240252631578947,0.15842105263157893,0.0,0.9894736842105263,0.010526315789473684,0.0,0.46842105263157896,"{""other_corporate_update"": 5, ""labor_workforce"": 7, ""mna"": 34, ""credit_ratings"": 5, ""personnel_management_change"": 22, ""product_launch_partnership"": 8, ""earnings_report"": 19, ""incidents_controversies"": 14, ""admission_delisting"": 4, ""debt_bond_issue"": 14, ""legal_regulatory_compliance"": 13, ""capital_raise_rights_issue"": 3, ""orders_contracts"": 10, ""admission_listing"": 11, ""dividend"": 3, ""share_buyback"": 11, ""pdmr_managers_transactions"": 5, ""agm_egm_governance"": 2}","{""auto_assign"": 100, ""by_rules"": 89, ""needs_review_margin"": 1}"
2025-09-24T104257Z,v3,2025-09-24T104257Z,190,0,intfloat/multilingual-e5-base,0.6,0.6,0.8,0.20526315789473684,0.1851521052631579,1.9240252631578947,0.15842105263157893,0.0,0.9894736842105263,0.010526315789473684,0.0,0.46842105263157896,"{""other_corporate_update"": 5, ""labor_workforce"": 7, ""mna"": 34, ""credit_ratings"": 5, ""personnel_management_change"": 22, ""product_launch_partnership"": 8, ""earnings_report"": 19, ""incidents_controversies"": 14, ""admission_delisting"": 4, ""debt_bond_issue"": 14, ""legal_regulatory_compliance"": 13, ""capital_raise_rights_issue"": 3, ""orders_contracts"": 10, ""admission_listing"": 11, ""dividend"": 3, ""share_buyback"": 11, ""pdmr_managers_transactions"": 5, ""agm_egm_governance"": 2}","{""auto_assign"": 100, ""by_rules"": 89, ""needs_review_margin"": 1}"
2025-09-24T105408Z,v3,2025-09-24T105408Z,190,0,intfloat/multilingual-e5-base,0.6,0.6,0.8,0.20526315789473684,0.1851521052631579,1.9240252631578947,0.15842105263157893,0.0,0.9894736842105263,0.010526315789473684,0.0,0.46842105263157896,"{""other_corporate_update"": 5, ""labor_workforce"": 7, ""mna"": 34, ""credit_ratings"": 5, ""personnel_management_change"": 22, ""product_launch_partnership"": 8, ""earnings_report"": 19, ""incidents_controversies"": 14, ""admission_delisting"": 4, ""debt_bond_issue"": 14, ""legal_regulatory_compliance"": 13, ""capital_raise_rights_issue"": 3, ""orders_contracts"": 10, ""admission_listing"": 11, ""dividend"": 3, ""share_buyback"": 11, ""pdmr_managers_transactions"": 5, ""agm_egm_governance"": 2}","{""auto_assign"": 100, ""by_rules"": 89, ""needs_review_margin"": 1}"
2025-09-24T110516Z,v3,2025-09-24T110516Z,181,0,intfloat/multilingual-e5-base,0.6,0.6,0.8,0.19337016574585636,0.18378397790055248,1.9255082872928173,0.14972375690607737,0.0,1.0,0.0,0.0,0.48066298342541436,"{""other_corporate_update"": 6, ""labor_workforce"": 7, ""mna"": 34, ""credit_ratings"": 5, ""product_launch_partnership"": 6, ""earnings_report"": 19, ""incidents_controversies"": 12, ""admission_delisting"": 4, ""debt_bond_issue"": 12, ""legal_regulatory_compliance"": 13, ""capital_raise_rights_issue"": 3, ""orders_contracts"": 11, ""personnel_management_change"": 17, ""admission_listing"": 8, ""dividend"": 4, ""share_buyback"": 10, ""agm_egm_governance"": 4, ""pdmr_managers_transactions"": 6}","{""auto_assign"": 94, ""by_rules"": 87}"
2025-09-24T112231Z,v3,2025-09-24T112231Z,181,0,intfloat/multilingual-e5-base,0.6,0.6,0.8,0.19337016574585636,0.18378397790055248,1.9255082872928173,0.14972375690607737,0.0,1.0,0.0,0.0,0.4088397790055249,"{""other_corporate_update"": 6, ""labor_workforce"": 8, ""mna"": 35, ""credit_ratings"": 6, ""product_launch_partnership"": 5, ""earnings_report"": 18, ""incidents_controversies"": 13, ""admission_delisting"": 4, ""debt_bond_issue"": 12, ""legal_regulatory_compliance"": 12, ""capital_raise_rights_issue"": 3, ""orders_contracts"": 11, ""personnel_management_change"": 14, ""admission_listing"": 8, ""agm_egm_governance"": 6, ""dividend"": 4, ""share_buyback"": 10, ""pdmr_managers_transactions"": 6}","{""auto_assign"": 107, ""by_rules"": 74}"
2025-09-25T061702Z,v3,2025-09-25T061702Z,181,0,intfloat/multilingual-e5-base,0.6,0.6,0.8,0.19337016574585636,0.18378397790055248,1.9255082872928173,0.14972375690607737,0.0,1.0,0.0,0.0,0.4088397790055249,"{""other_corporate_update"": 6, ""labor_workforce"": 8, ""mna"": 35, ""credit_ratings"": 6, ""product_launch_partnership"": 5, ""earnings_report"": 18, ""incidents_controversies"": 13, ""admission_delisting"": 4, ""debt_bond_issue"": 12, ""legal_regulatory_compliance"": 12, ""capital_raise_rights_issue"": 3, ""orders_contracts"": 11, ""personnel_management_change"": 14, ""admission_listing"": 8, ""agm_egm_governance"": 6, ""dividend"": 4, ""share_buyback"": 10, ""pdmr_managers_transactions"": 6}","{""auto_assign"": 107, ""by_rules"": 74}"
2025-09-25T080821Z,v3,2025-09-25T080821Z,181,0,intfloat/multilingual-e5-base,0.6,0.6,0.8,0.19337016574585636,0.18378397790055248,1.9255082872928173,0.14972375690607737,0.0,1.0,0.0,0.0,0.4088397790055249,"{""other_corporate_update"": 6, ""labor_workforce"": 8, ""mna"": 35, ""credit_ratings"": 6, ""product_launch_partnership"": 5, ""earnings_report"": 18, ""incidents_controversies"": 13, ""admission_delisting"": 4, ""debt_bond_issue"": 12, ""legal_regulatory_compliance"": 12, ""capital_raise_rights_issue"": 3, ""orders_contracts"": 11, ""personnel_management_change"": 14, ""admission_listing"": 8, ""agm_egm_governance"": 6, ""dividend"": 4, ""share_buyback"": 10, ""pdmr_managers_transactions"": 6}","{""auto_assign"": 107, ""by_rules"": 74}"
2025-09-25T081722Z,v3,2025-09-25T081722Z,181,0,intfloat/multilingual-e5-base,0.6,0.6,0.8,0.19337016574585636,0.18378397790055248,1.9255082872928173,0.14972375690607737,0.0,1.0,0.0,0.0,0.4088397790055249,"{""other_corporate_update"": 6, ""labor_workforce"": 8, ""mna"": 35, ""credit_ratings"": 6, ""product_launch_partnership"": 5, ""earnings_report"": 18, ""incidents_controversies"": 13, ""admission_delisting"": 4, ""debt_bond_issue"": 12, ""legal_regulatory_compliance"": 12, ""capital_raise_rights_issue"": 3, ""orders_contracts"": 11, ""personnel_management_change"": 14, ""admission_listing"": 8, ""agm_egm_governance"": 6, ""dividend"": 4, ""share_buyback"": 10, ""pdmr_managers_transactions"": 6}","{""auto_assign"": 107, ""by_rules"": 74}"
2025-09-25T082614Z,v3,2025-09-25T082614Z,181,0,intfloat/multilingual-e5-base,0.6,0.6,0.8,0.19337016574585636,0.18378397790055248,1.9255082872928173,0.14972375690607737,0.0,1.0,0.0,0.0,0.8121546961325967,"{""other_corporate_update"": 3, ""labor_workforce"": 4, ""mna"": 36, ""credit_ratings"": 3, ""earnings_report"": 16, ""product_launch_partnership"": 12, ""incidents_controversies"": 8, ""legal_regulatory_compliance"": 10, ""share_buyback"": 9, ""personnel_management_change"": 40, ""orders_contracts"": 12, ""admission_listing"": 7, ""capital_raise_rights_issue"": 3, ""debt_bond_issue"": 9, ""agm_egm_governance"": 3, ""admission_delisting"": 2, ""pdmr_managers_transactions"": 3, ""dividend"": 1}","{""auto_assign"": 34, ""by_rules"": 147}"
2025-09-25T083339Z,v3,2025-09-25T083339Z,181,0,intfloat/multilingual-e5-base,0.6,0.6,0.8,0.19337016574585636,0.18378397790055248,1.9255082872928173,0.14972375690607737,0.0,1.0,0.0,0.0,0.8342541436464088,"{""other_corporate_update"": 2, ""labor_workforce"": 4, ""mna"": 34, ""credit_ratings"": 2, ""earnings_report"": 17, ""product_launch_partnership"": 9, ""incidents_controversies"": 7, ""capital_raise_rights_issue"": 3, ""legal_regulatory_compliance"": 11, ""share_buyback"": 9, ""personnel_management_change"": 44, ""orders_contracts"": 12, ""admission_listing"": 7, ""debt_bond_issue"": 9, ""dividend"": 3, ""admission_delisting"": 2, ""agm_egm_governance"": 3, ""pdmr_managers_transactions"": 3}","{""auto_assign"": 30, ""by_rules"": 151}"
2025-09-25T093603Z,v3,2025-09-25T093603Z,181,0,intfloat/multilingual-e5-base,0.6,0.6,0.8,0.19337016574585636,0.18378397790055248,1.9255082872928173,0.14972375690607737,0.0,1.0,0.0,0.0,0.8121546961325967,"{""other_corporate_update"": 3, ""mna"": 39, ""labor_workforce"": 3, ""credit_ratings"": 3, ""earnings_report"": 16, ""product_launch_partnership"": 12, ""incidents_controversies"": 8, ""legal_regulatory_compliance"": 10, ""share_buyback"": 7, ""personnel_management_change"": 40, ""orders_contracts"": 12, ""admission_listing"": 7, ""capital_raise_rights_issue"": 3, ""debt_bond_issue"": 9, ""agm_egm_governance"": 3, ""admission_delisting"": 2, ""pdmr_managers_transactions"": 3, ""dividend"": 1}","{""auto_assign"": 34, ""by_rules"": 147}"
2025-09-25T094338Z,v3,2025-09-25T094338Z,181,0,intfloat/multilingual-e5-base,0.6,0.6,0.8,0.19337016574585636,0.18378397790055248,1.9255082872928173,0.14972375690607737,0.0,1.0,0.0,0.0,0.13812154696132597,"{""other_corporate_update"": 8, ""labor_workforce"": 9, ""equity_actions_non_buyback"": 1, ""credit_ratings"": 6, ""product_launch_partnership"": 5, ""earnings_report"": 25, ""incidents_controversies"": 15, ""mna"": 17, ""admission_delisting"": 4, ""agm_egm_governance"": 7, ""debt_bond_issue"": 14, ""legal_regulatory_compliance"": 13, ""capital_raise_rights_issue"": 5, ""personnel_management_change"": 16, ""orders_contracts"": 5, ""admission_listing"": 8, ""dividend"": 6, ""share_buyback"": 11, ""pdmr_managers_transactions"": 6}","{""auto_assign"": 156, ""by_rules"": 25}"
2025-09-25T120728Z,v3,2025-09-25T120728Z,181,0,intfloat/multilingual-e5-base,0.6,0.6,0.8,0.19337016574585636,0.18378397790055248,1.9255082872928173,0.14972375690607737,0.0,1.0,0.0,0.0,0.13812154696132597,"{""other_corporate_update"": 8, ""labor_workforce"": 9, ""equity_actions_non_buyback"": 1, ""credit_ratings"": 6, ""product_launch_partnership"": 5, ""earnings_report"": 25, ""incidents_controversies"": 15, ""mna"": 17, ""admission_delisting"": 4, ""agm_egm_governance"": 7, ""debt_bond_issue"": 14, ""legal_regulatory_compliance"": 13, ""capital_raise_rights_issue"": 5, ""personnel_management_change"": 16, ""orders_contracts"": 5, ""admission_listing"": 8, ""dividend"": 6, ""share_buyback"": 11, ""pdmr_managers_transactions"": 6}","{""auto_assign"": 156, ""by_rules"": 25}"
2025-09-25T121804Z,v3,2025-09-25T121804Z,181,0,intfloat/multilingual-e5-base,0.45621825349982936,0.741903838662799,0.9526620821400713,0.19337016574585636,0.2053408839779005,2.140199447513812,0.1712707182320442,0.0,0.9502762430939227,0.049723756906077346,0.0,0.4530386740331492,"{""other_corporate_update"": 5, ""labor_workforce"": 8, ""mna"": 35, ""credit_ratings"": 7, ""earnings_report"": 20, ""incidents_controversies"": 14, ""share_buyback"": 12, ""product_launch_partnership"": 6, ""legal_regulatory_compliance"": 12, ""capital_raise_rights_issue"": 3, ""equity_actions_non_buyback"": 3, ""debt_bond_issue"": 10, ""personnel_management_change"": 15, ""orders_contracts"": 11, ""admission_listing"": 6, ""agm_egm_governance"": 4, ""dividend"": 3, ""admission_delisting"": 3, ""pdmr_managers_transactions"": 4}","{""auto_assign"": 93, ""by_rules"": 82, ""needs_review_margin"": 6}"
2025-09-25T122319Z,v3,2025-09-25T122319Z,181,0,intfloat/multilingual-e5-base,0.6,0.6,0.8,0.19337016574585636,0.18378397790055248,1.9255082872928173,0.14972375690607737,0.0,1.0,0.0,0.0,0.13812154696132597,"{""other_corporate_update"": 8, ""labor_workforce"": 9, ""equity_actions_non_buyback"": 1, ""credit_ratings"": 6, ""product_launch_partnership"": 5, ""earnings_report"": 25, ""incidents_controversies"": 15, ""mna"": 17, ""admission_delisting"": 4, ""agm_egm_governance"": 7, ""debt_bond_issue"": 14, ""legal_regulatory_compliance"": 13, ""capital_raise_rights_issue"": 5, ""personnel_management_change"": 16, ""orders_contracts"": 5, ""admission_listing"": 8, ""dividend"": 6, ""share_buyback"": 11, ""pdmr_managers_transactions"": 6}","{""auto_assign"": 156, ""by_rules"": 25}"
2025-09-25T122547Z,v3,2025-09-25T122547Z,181,0,intfloat/multilingual-e5-base,0.6,0.6,0.8,0.19337016574585636,0.18378397790055248,1.9255082872928173,0.14972375690607737,0.0,1.0,0.0,0.0,0.8121546961325967,"{""other_corporate_update"": 3, ""mna"": 39, ""labor_workforce"": 3, ""credit_ratings"": 3, ""earnings_report"": 16, ""product_launch_partnership"": 12, ""incidents_controversies"": 8, ""legal_regulatory_compliance"": 10, ""share_buyback"": 7, ""personnel_management_change"": 40, ""orders_contracts"": 12, ""admission_listing"": 7, ""capital_raise_rights_issue"": 3, ""debt_bond_issue"": 9, ""agm_egm_governance"": 3, ""admission_delisting"": 2, ""pdmr_managers_transactions"": 3, ""dividend"": 1}","{""auto_assign"": 34, ""by_rules"": 147}"
2025-09-25T122822Z,v3,2025-09-25T122822Z,181,0,intfloat/multilingual-e5-base,0.45621825349982936,0.741903838662799,0.9526620821400713,0.19337016574585636,0.2053408839779005,2.140199447513812,0.1712707182320442,0.0,0.9502762430939227,0.049723756906077346,0.0,0.4530386740331492,"{""other_corporate_update"": 5, ""labor_workforce"": 8, ""mna"": 35, ""credit_ratings"": 7, ""earnings_report"": 20, ""incidents_controversies"": 14, ""share_buyback"": 12, ""product_launch_partnership"": 6, ""legal_regulatory_compliance"": 12, ""capital_raise_rights_issue"": 3, ""equity_actions_non_buyback"": 3, ""debt_bond_issue"": 10, ""personnel_management_change"": 15, ""orders_contracts"": 11, ""admission_listing"": 6, ""agm_egm_governance"": 4, ""dividend"": 3, ""admission_delisting"": 3, ""pdmr_managers_transactions"": 4}","{""auto_assign"": 93, ""by_rules"": 82, ""needs_review_margin"": 6}"
2025-09-25T143426Z,v3,2025-09-25T143426Z,181,0,intfloat/multilingual-e5-base,0.45621825349982936,0.741903838662799,0.9526620821400713,0.19337016574585636,0.2053408839779005,2.140199447513812,0.1712707182320442,0.0,0.9502762430939227,0.049723756906077346,0.0,0.4530386740331492,"{""other_corporate_update"": 5, ""labor_workforce"": 8, ""mna"": 35, ""credit_ratings"": 7, ""earnings_report"": 20, ""incidents_controversies"": 14, ""share_buyback"": 12, ""product_launch_partnership"": 6, ""legal_regulatory_compliance"": 12, ""capital_raise_rights_issue"": 3, ""equity_actions_non_buyback"": 3, ""debt_bond_issue"": 10, ""personnel_management_change"": 15, ""orders_contracts"": 11, ""admission_listing"": 6, ""agm_egm_governance"": 4, ""dividend"": 3, ""admission_delisting"": 3, ""pdmr_managers_transactions"": 4}","{""auto_assign"": 93, ""by_rules"": 82, ""needs_review_margin"": 6}"
2025-09-25T150609Z,v3,2025-09-25T150609Z,181,0,intfloat/multilingual-e5-base,0.45621825349982936,0.741903838662799,0.9526620821400713,0.19337016574585636,0.2053408839779005,2.140199447513812,0.1712707182320442,0.0,0.9502762430939227,0.049723756906077346,0.0,0.4530386740331492,"{""other_corporate_update"": 5, ""labor_workforce"": 8, ""mna"": 35, ""credit_ratings"": 7, ""earnings_report"": 20, ""incidents_controversies"": 14, ""share_buyback"": 12, ""product_launch_partnership"": 6, ""legal_regulatory_compliance"": 12, ""capital_raise_rights_issue"": 3, ""equity_actions_non_buyback"": 3, ""debt_bond_issue"": 10, ""personnel_management_change"": 15, ""orders_contracts"": 11, ""admission_listing"": 6, ""agm_egm_governance"": 4, ""dividend"": 3, ""admission_delisting"": 3, ""pdmr_managers_transactions"": 4}","{""auto_assign"": 93, ""by_rules"": 82, ""needs_review_margin"": 6}"
2025-09-25T151257Z,v3,2025-09-25T151257Z,181,0,intfloat/multilingual-e5-base,0.45621825349982936,0.741903838662799,0.9526620821400713,0.19337016574585636,0.2053408839779005,2.140199447513812,0.1712707182320442,0.0,0.9502762430939227,0.049723756906077346,0.0,0.4585635359116022,"{""other_corporate_update"": 5, ""labor_workforce"": 8, ""mna"": 35, ""credit_ratings"": 7, ""earnings_report"": 20, ""product_launch_partnership"": 6, ""incidents_controversies"": 14, ""share_buyback"": 12, ""legal_regulatory_compliance"": 12, ""capital_raise_rights_issue"": 3, ""equity_actions_non_buyback"": 3, ""debt_bond_issue"": 10, ""personnel_management_change"": 15, ""orders_contracts"": 11, ""admission_listing"": 6, ""agm_egm_governance"": 4, ""dividend"": 3, ""admission_delisting"": 3, ""pdmr_managers_transactions"": 4}","{""auto_assign"": 92, ""by_rules"": 83, ""needs_review_margin"": 6}"
2025-09-25T152421Z,v3,2025-09-25T152421Z,181,0,intfloat/multilingual-e5-base,0.45621825349982936,0.741903838662799,0.9526620821400713,0.19337016574585636,0.2053408839779005,2.140199447513812,0.1712707182320442,0.0,0.9502762430939227,0.049723756906077346,0.0,0.4585635359116022,"{""other_corporate_update"": 5, ""labor_workforce"": 8, ""mna"": 35, ""credit_ratings"": 7, ""earnings_report"": 20, ""product_launch_partnership"": 6, ""incidents_controversies"": 14, ""share_buyback"": 12, ""legal_regulatory_compliance"": 12, ""capital_raise_rights_issue"": 3, ""equity_actions_non_buyback"": 3, ""debt_bond_issue"": 10, ""personnel_management_change"": 15, ""orders_contracts"": 11, ""admission_listing"": 6, ""agm_egm_governance"": 4, ""dividend"": 3, ""admission_delisting"": 3, ""pdmr_managers_transactions"": 4}","{""auto_assign"": 92, ""by_rules"": 83, ""needs_review_margin"": 6}"
2025-09-25T153516Z,v3,2025-09-25T153516Z,181,0,intfloat/multilingual-e5-base,0.45621825349982936,0.741903838662799,0.9526620821400713,0.19337016574585636,0.2053408839779005,2.140199447513812,0.1712707182320442,0.0,0.9502762430939227,0.049723756906077346,0.0,0.49171270718232046,"{""other_corporate_update"": 5, ""labor_workforce"": 7, ""mna"": 34, ""credit_ratings"": 7, ""earnings_report"": 19, ""product_launch_partnership"": 12, ""incidents_controversies"": 13, ""share_buyback"": 12, ""legal_regulatory_compliance"": 12, ""equity_actions_non_buyback"": 3, ""personnel_management_change"": 15, ""orders_contracts"": 11, ""admission_listing"": 6, ""agm_egm_governance"": 4, ""capital_raise_rights_issue"": 2, ""debt_bond_issue"": 9, ""dividend"": 3, ""admission_delisting"": 3, ""pdmr_managers_transactions"": 4}","{""auto_assign"": 86, ""by_rules"": 89, ""needs_review_margin"": 6}"
2025-09-25T154711Z,v3,2025-09-25T154711Z,181,0,intfloat/multilingual-e5-base,0.45621825349982936,0.741903838662799,0.9526620821400713,0.19337016574585636,0.2053408839779005,2.140199447513812,0.1712707182320442,0.0,0.9502762430939227,0.049723756906077346,0.0,0.49171270718232046,"{""other_corporate_update"": 5, ""labor_workforce"": 7, ""mna"": 34, ""credit_ratings"": 7, ""earnings_report"": 19, ""product_launch_partnership"": 12, ""incidents_controversies"": 13, ""share_buyback"": 12, ""legal_regulatory_compliance"": 12, ""equity_actions_non_buyback"": 3, ""personnel_management_change"": 15, ""orders_contracts"": 11, ""admission_listing"": 6, ""agm_egm_governance"": 4, ""capital_raise_rights_issue"": 2, ""debt_bond_issue"": 9, ""dividend"": 3, ""admission_delisting"": 3, ""pdmr_managers_transactions"": 4}","{""auto_assign"": 86, ""by_rules"": 89, ""needs_review_margin"": 6}"
2025-09-25T155312Z,v3,2025-09-25T155312Z,181,0,intfloat/multilingual-e5-base,0.473512586257575,0.7775767209313977,0.959037600591903,0.19337016574585636,0.1976232044198895,2.176036464088398,0.1712707182320442,0.0,0.9447513812154696,0.055248618784530384,0.0,0.49171270718232046,"{""other_corporate_update"": 5, ""labor_workforce"": 7, ""mna"": 34, ""credit_ratings"": 7, ""earnings_report"": 19, ""product_launch_partnership"": 12, ""incidents_controversies"": 13, ""share_buyback"": 12, ""legal_regulatory_compliance"": 12, ""equity_actions_non_buyback"": 3, ""personnel_management_change"": 15, ""orders_contracts"": 11, ""admission_listing"": 6, ""agm_egm_governance"": 4, ""capital_raise_rights_issue"": 2, ""debt_bond_issue"": 9, ""dividend"": 3, ""admission_delisting"": 3, ""pdmr_managers_transactions"": 4}","{""auto_assign"": 85, ""by_rules"": 89, ""needs_review_margin"": 7}"
2025-09-26T061344Z,v3,2025-09-26T061344Z,181,0,intfloat/multilingual-e5-base,0.473512586257575,0.7775767209313977,0.959037600591903,0.19337016574585636,0.1976232044198895,2.176036464088398,0.1712707182320442,0.0,0.9447513812154696,0.055248618784530384,0.0,0.5138121546961326,"{""other_corporate_update"": 4, ""labor_workforce"": 8, ""mna"": 35, ""credit_ratings"": 7, ""earnings_report"": 20, ""product_launch_partnership"": 15, ""share_buyback"": 11, ""legal_regulatory_compliance"": 11, ""equity_actions_non_buyback"": 3, ""debt_bond_issue"": 10, ""personnel_management_change"": 15, ""incidents_controversies"": 11, ""orders_contracts"": 10, ""admission_listing"": 6, ""agm_egm_governance"": 4, ""capital_raise_rights_issue"": 2, ""admission_delisting"": 3, ""dividend"": 2, ""pdmr_managers_transactions"": 4}","{""auto_assign"": 83, ""by_rules"": 93, ""needs_review_margin"": 5}"
2025-09-26T064908Z,v3,2025-09-26T064908Z,181,0,intfloat/multilingual-e5-base,0.473512586257575,0.7775767209313977,0.959037600591903,0.19337016574585636,0.1976232044198895,2.176036464088398,0.1712707182320442,0.0,0.9447513812154696,0.055248618784530384,0.0,0.5248618784530387,"{""other_corporate_update"": 5, ""product_launch_partnership"": 14, ""mna"": 35, ""labor_workforce"": 6, ""credit_ratings"": 7, ""earnings_report"": 18, ""incidents_controversies"": 13, ""share_buyback"": 11, ""legal_regulatory_compliance"": 12, ""equity_actions_non_buyback"": 3, ""personnel_management_change"": 15, ""orders_contracts"": 11, ""admission_listing"": 6, ""agm_egm_governance"": 4, ""capital_raise_rights_issue"": 2, ""debt_bond_issue"": 9, ""dividend"": 3, ""admission_delisting"": 3, ""pdmr_managers_transactions"": 4}","{""auto_assign"": 81, ""by_rules"": 95, ""needs_review_margin"": 5}"
2025-09-26T065832Z,v3,2025-09-26T065832Z,181,0,intfloat/multilingual-e5-base,0.473512586257575,0.7775767209313977,0.959037600591903,0.19337016574585636,0.1976232044198895,2.176036464088398,0.1712707182320442,0.0,0.9447513812154696,0.055248618784530384,0.0,0.5082872928176796,"{""other_corporate_update"": 5, ""labor_workforce"": 8, ""mna"": 35, ""credit_ratings"": 7, ""earnings_report"": 18, ""product_launch_partnership"": 12, ""incidents_controversies"": 13, ""share_buyback"": 11, ""legal_regulatory_compliance"": 12, ""equity_actions_non_buyback"": 3, ""personnel_management_change"": 15, ""orders_contracts"": 11, ""admission_listing"": 6, ""agm_egm_governance"": 4, ""capital_raise_rights_issue"": 2, ""debt_bond_issue"": 9, ""dividend"": 3, ""admission_delisting"": 3, ""pdmr_managers_transactions"": 4}","{""auto_assign"": 83, ""by_rules"": 92, ""needs_review_margin"": 6}"
2025-09-26T082315Z,v4,2025-09-26T082315Z,181,0,intfloat/multilingual-e5-base,0.473512586257575,0.7775767209313977,0.959037600591903,0.2265193370165746,0.2185961325966851,2.164385635359116,0.18011049723756906,0.0,0.9502762430939227,0.049723756906077346,0.0,0.56353591160221,"{""other_corporate_update"": 4, ""labor_workforce"": 8, ""mna"": 35, ""credit_ratings"": 6, ""rd_clinical_update"": 15, ""earnings_report"": 12, ""incidents_controversies"": 10, ""share_buyback"": 11, ""product_launch_partnership"": 10, ""legal_regulatory_compliance"": 13, ""equity_actions_non_buyback"": 2, ""personnel_management_change"": 15, ""orders_contracts"": 10, ""admission_listing"": 5, ""agm_egm_governance"": 4, ""capital_raise_rights_issue"": 2, ""debt_bond_issue"": 9, ""dividend"": 3, ""admission_delisting"": 3, ""pdmr_managers_transactions"": 4}","{""auto_assign"": 74, ""by_rules"": 102, ""needs_review_margin"": 5}"
2025-09-26T084711Z,v4,2025-09-26T084711Z,181,0,intfloat/multilingual-e5-base,0.473512586257575,0.7775767209313977,0.959037600591903,0.2265193370165746,0.2185961325966851,2.164385635359116,0.18011049723756906,0.0,0.9502762430939227,0.049723756906077346,0.0,0.569060773480663,"{""other_corporate_update"": 5, ""labor_workforce"": 8, ""mna"": 35, ""credit_ratings"": 6, ""earnings_report"": 14, ""rd_clinical_update"": 14, ""incidents_controversies"": 9, ""share_buyback"": 12, ""product_launch_partnership"": 10, ""equity_actions_non_buyback"": 2, ""personnel_management_change"": 15, ""legal_regulatory_compliance"": 10, ""orders_contracts"": 10, ""admission_listing"": 6, ""agm_egm_governance"": 4, ""capital_raise_rights_issue"": 2, ""debt_bond_issue"": 9, ""dividend"": 3, ""admission_delisting"": 3, ""pdmr_managers_transactions"": 4}","{""auto_assign"": 73, ""by_rules"": 103, ""needs_review_margin"": 5}"
2025-09-26T085924Z,v4,2025-09-26T085924Z,181,0,intfloat/multilingual-e5-base,0.473512586257575,0.7775767209313977,0.959037600591903,0.2265193370165746,0.2185961325966851,2.164385635359116,0.18011049723756906,0.0,0.9502762430939227,0.049723756906077346,0.0,0.5580110497237569,"{""other_corporate_update"": 5, ""labor_workforce"": 8, ""mna"": 35, ""credit_ratings"": 6, ""earnings_report"": 15, ""rd_clinical_update"": 11, ""incidents_controversies"": 9, ""share_buyback"": 12, ""product_launch_partnership"": 10, ""legal_regulatory_compliance"": 12, ""equity_actions_non_buyback"": 2, ""personnel_management_change"": 15, ""orders_contracts"": 10, ""admission_listing"": 6, ""agm_egm_governance"": 4, ""capital_raise_rights_issue"": 2, ""debt_bond_issue"": 9, ""dividend"": 3, ""admission_delisting"": 3, ""pdmr_managers_transactions"": 4}","{""auto_assign"": 75, ""by_rules"": 101, ""needs_review_margin"": 5}"
2025-09-26T091909Z,v4,2025-09-26T091909Z,181,0,intfloat/multilingual-e5-base,0.473512586257575,0.7775767209313977,0.959037600591903,0.2265193370165746,0.2185961325966851,2.164385635359116,0.18011049723756906,0.0,0.9502762430939227,0.049723756906077346,0.0,0.569060773480663,"{""other_corporate_update"": 5, ""labor_workforce"": 8, ""mna"": 35, ""credit_ratings"": 6, ""earnings_report"": 15, ""rd_clinical_update"": 10, ""incidents_controversies"": 7, ""share_buyback"": 12, ""product_launch_partnership"": 13, ""legal_regulatory_compliance"": 12, ""equity_actions_non_buyback"": 2, ""personnel_management_change"": 15, ""orders_contracts"": 10, ""admission_listing"": 6, ""agm_egm_governance"": 4, ""capital_raise_rights_issue"": 2, ""debt_bond_issue"": 9, ""dividend"": 3, ""admission_delisting"": 3, ""pdmr_managers_transactions"": 4}","{""auto_assign"": 73, ""by_rules"": 103, ""needs_review_margin"": 5}"
2025-09-26T101151Z,v4,2025-09-26T101151Z,181,0,intfloat/multilingual-e5-base,0.473512586257575,0.7775767209313977,0.959037600591903,0.2265193370165746,0.2185961325966851,2.164385635359116,0.18011049723756906,0.0,0.9502762430939227,0.049723756906077346,0.0,0.580110497237569,"{""other_corporate_update"": 5, ""labor_workforce"": 8, ""mna"": 35, ""credit_ratings"": 5, ""earnings_report"": 15, ""rd_clinical_update"": 10, ""incidents_controversies"": 7, ""share_buyback"": 12, ""product_launch_partnership"": 13, ""legal_regulatory_compliance"": 12, ""equity_actions_non_buyback"": 2, ""personnel_management_change"": 15, ""orders_contracts"": 10, ""admission_listing"": 8, ""agm_egm_governance"": 4, ""capital_raise_rights_issue"": 2, ""debt_bond_issue"": 9, ""admission_delisting"": 3, ""dividend"": 2, ""pdmr_managers_transactions"": 4}","{""auto_assign"": 71, ""by_rules"": 105, ""needs_review_margin"": 5}"
2025-09-26T102604Z,v4,2025-09-26T102604Z,181,0,intfloat/multilingual-e5-base,0.473512586257575,0.7775767209313977,0.959037600591903,0.2265193370165746,0.2185961325966851,2.164385635359116,0.18011049723756906,0.0,0.9502762430939227,0.049723756906077346,0.0,0.580110497237569,"{""other_corporate_update"": 5, ""labor_workforce"": 8, ""mna"": 35, ""credit_ratings"": 5, ""earnings_report"": 15, ""rd_clinical_update"": 10, ""incidents_controversies"": 7, ""share_buyback"": 12, ""product_launch_partnership"": 13, ""legal_regulatory_compliance"": 12, ""equity_actions_non_buyback"": 2, ""personnel_management_change"": 15, ""orders_contracts"": 10, ""admission_listing"": 8, ""agm_egm_governance"": 4, ""capital_raise_rights_issue"": 2, ""debt_bond_issue"": 9, ""admission_delisting"": 3, ""dividend"": 2, ""pdmr_managers_transactions"": 4}","{""auto_assign"": 71, ""by_rules"": 105, ""needs_review_margin"": 5}"
2025-09-26T105015Z,v4,2025-09-26T105015Z,181,0,intfloat/multilingual-e5-base,0.473512586257575,0.7775767209313977,0.959037600591903,0.2265193370165746,0.2185961325966851,2.164385635359116,0.18011049723756906,0.0,0.9502762430939227,0.049723756906077346,0.0,0.580110497237569,"{""other_corporate_update"": 5, ""labor_workforce"": 8, ""mna"": 35, ""credit_ratings"": 5, ""earnings_report"": 15, ""rd_clinical_update"": 10, ""incidents_controversies"": 7, ""share_buyback"": 12, ""product_launch_partnership"": 13, ""legal_regulatory_compliance"": 12, ""equity_actions_non_buyback"": 2, ""personnel_management_change"": 15, ""orders_contracts"": 10, ""admission_listing"": 8, ""agm_egm_governance"": 4, ""capital_raise_rights_issue"": 2, ""debt_bond_issue"": 9, ""admission_delisting"": 3, ""dividend"": 2, ""pdmr_managers_transactions"": 4}","{""auto_assign"": 71, ""by_rules"": 105, ""needs_review_margin"": 5}"
2025-09-26T110403Z,v4,2025-09-26T110403Z,181,0,intfloat/multilingual-e5-base,0.473512586257575,0.7775767209313977,0.959037600591903,0.2265193370165746,0.2185961325966851,2.164385635359116,0.18011049723756906,0.0,0.9502762430939227,0.049723756906077346,0.0,0.6077348066298343,"{""other_corporate_update"": 4, ""labor_workforce"": 6, ""mna"": 35, ""earnings_report"": 21, ""credit_ratings"": 5, ""rd_clinical_update"": 10, ""incidents_controversies"": 7, ""share_buyback"": 11, ""product_launch_partnership"": 12, ""legal_regulatory_compliance"": 12, ""equity_actions_non_buyback"": 2, ""personnel_management_change"": 14, ""orders_contracts"": 10, ""admission_listing"": 8, ""agm_egm_governance"": 4, ""capital_raise_rights_issue"": 2, ""debt_bond_issue"": 9, ""admission_delisting"": 3, ""dividend"": 2, ""pdmr_managers_transactions"": 4}","{""auto_assign"": 67, ""by_rules"": 110, ""needs_review_margin"": 4}"
2025-09-26T121950Z,v4,2025-09-26T121950Z,181,0,intfloat/multilingual-e5-base,0.473512586257575,0.7775767209313977,0.959037600591903,0.2265193370165746,0.2185961325966851,2.164385635359116,0.18011049723756906,0.0,0.9502762430939227,0.049723756906077346,0.0,0.6077348066298343,"{""other_corporate_update"": 4, ""labor_workforce"": 6, ""mna"": 35, ""earnings_report"": 21, ""credit_ratings"": 5, ""rd_clinical_update"": 10, ""incidents_controversies"": 7, ""share_buyback"": 11, ""product_launch_partnership"": 12, ""legal_regulatory_compliance"": 12, ""equity_actions_non_buyback"": 2, ""personnel_management_change"": 14, ""orders_contracts"": 10, ""admission_listing"": 8, ""agm_egm_governance"": 4, ""capital_raise_rights_issue"": 2, ""debt_bond_issue"": 9, ""admission_delisting"": 3, ""dividend"": 2, ""pdmr_managers_transactions"": 4}","{""auto_assign"": 67, ""by_rules"": 110, ""needs_review_margin"": 4}"
